nome,fila,n_amostras,insert_media,insert_ic_low,insert_ic_high,insert_ic_half,insert_ic_rel_pct,extractMin_media,extractMin_ic_low,extractMin_ic_high,extractMin_ic_half,extractMin_ic_rel_pct,dk_media,dk_ic_low,dk_ic_high,dk_ic_half,dk_ic_rel_pct,bkmp_media,bkmp_ic_low,bkmp_ic_high,bkmp_ic_half,bkmp_ic_rel_pct,upd_media,upd_ic_low,upd_ic_high,upd_ic_half,upd_ic_rel_pct,cpu_time_media,cpu_time_ic_low,cpu_time_ic_high,cpu_time_ic_half,cpu_time_ic_rel_pct,wall_time_media,wall_time_ic_low,wall_time_ic_high,wall_time_ic_half,wall_time_ic_rel_pct,l1_ac_media,l1_ac_ic_low,l1_ac_ic_high,l1_ac_ic_half,l1_ac_ic_rel_pct,l1_miss_media,l1_miss_ic_low,l1_miss_ic_high,l1_miss_ic_half,l1_miss_ic_rel_pct,llc_ac_media,llc_ac_ic_low,llc_ac_ic_high,llc_ac_ic_half,llc_ac_ic_rel_pct,llc_miss_media,llc_miss_ic_low,llc_miss_ic_high,llc_miss_ic_half,llc_miss_ic_rel_pct,cycles_media,cycles_ic_low,cycles_ic_high,cycles_ic_half,cycles_ic_rel_pct,inst_media,inst_ic_low,inst_ic_high,inst_ic_half,inst_ic_rel_pct,dtlb_media,dtlb_ic_low,dtlb_ic_high,dtlb_ic_half,dtlb_ic_rel_pct,page_faults_media,page_faults_ic_low,page_faults_ic_high,page_faults_ic_half,page_faults_ic_rel_pct,branch_inst_media,branch_inst_ic_low,branch_inst_ic_high,branch_inst_ic_half,branch_inst_ic_rel_pct,branch_miss_media,branch_miss_ic_low,branch_miss_ic_high,branch_miss_ic_half,branch_miss_ic_rel_pct
NY,1LVBQ,10,298851.0,298530.2126076044,299171.7873923956,320.78739239558655,0.10734024393279143,298851.0,298530.2126076044,299171.7873923956,320.78739239558655,0.10734024393279143,0.0,0.0,0.0,0.0,,1010866.4,845215.3020890006,1176517.4979109995,165651.09791099947,16.387041641803453,0.0,0.0,0.0,0.0,,64.0,63.24594761241967,64.75405238758033,0.7540523875803304,1.1782068555942664,64.0,63.24594761241967,64.75405238758033,0.7540523875803304,1.1782068555942664,187556682.0,185501246.4037757,189612117.5962243,2055435.5962243155,1.0959010227235282,2836810.5,2799655.1056881864,2873965.8943118136,37155.3943118137,1.3097594750094765,304915.3,295724.1031792772,314106.49682072276,9191.196820722758,3.01434425255891,126992.0,120236.21541782813,133747.78458217188,6755.784582171871,5.319850527727629,159544220.2,157247194.7329189,161841245.6670811,2297025.467081094,1.4397422007526253,392657619.1,387615613.5134619,397699624.68653816,5042005.58653816,1.284071756482099,11591.8,10643.967558646635,12539.632441353364,947.8324413533641,8.17674943799379,3.2,-4.038902920771172,10.438902920771174,7.238902920771173,226.21571627409912,72550151.3,72045142.24442336,73055160.35557663,505009.0555766432,0.6960827048980162,733638.7,726454.7186877821,740822.6813122178,7183.98131221794,0.9792260566703938
NY,2LVBQ,10,298789.6,298585.28820106055,298993.9117989394,204.31179893944582,0.06837982277142371,298789.6,298585.28820106055,298993.9117989394,204.31179893944582,0.06837982277142371,0.0,0.0,0.0,0.0,,1089827.0,961107.5672579315,1218546.4327420685,128719.43274206853,11.810996859324327,4446.9,3903.8228589238033,4989.977141076196,543.0771410761961,12.212488274442784,67.4,66.43434177615806,68.36565822384195,0.9656582238419444,1.4327273350770688,67.4,66.43434177615806,68.36565822384195,0.9656582238419444,1.4327273350770688,238105600.4,231217527.4668998,244993673.3331002,6888072.933100208,2.8928647295690437,1974345.4,1916624.6429552832,2032066.1570447166,57720.757044716745,2.923538963583411,180244.0,170687.9994566172,189800.0005433828,9556.0005433828,5.30170243857371,101306.7,94001.05672000746,108612.34327999254,7305.643279992532,7.21141176249205,173307202.8,171139010.82339755,175475394.77660248,2168191.976602459,1.251068588940643,502954028.6,488793826.3340325,517114230.8659676,14160202.265967527,2.8154068683738798,8785.6,7901.9133859245885,9669.286614075412,883.6866140754114,10.058352463979823,0.0,0.0,0.0,0.0,,93281644.5,90623756.7665974,95939532.2334026,2657887.7334025945,2.8493148332120093,629517.1,622866.8689603341,636167.3310396658,6650.231039665848,1.0564019690117787
NY,3LVBQ,10,298725.8,298388.2593663386,299063.34063366137,337.54063366139115,0.11299346546612016,298725.8,298388.2593663386,299063.34063366137,337.54063366139115,0.11299346546612016,0.0,0.0,0.0,0.0,,896903.7,775709.1799023955,1018098.2200976044,121194.52009760446,13.51254544914961,327585.5,323297.17796117224,331873.82203882776,4288.322038827746,1.3090695524764515,83.6,82.37480988883799,84.825190111162,1.225190111162009,1.465538410480872,83.6,82.37480988883799,84.825190111162,1.225190111162009,1.465538410480872,312282062.6,305189054.9028794,319375070.29712063,7093007.697120594,2.271346499400441,1685885.0,1629279.7222380992,1742490.2777619008,56605.27776190087,3.357600178060833,177308.7,164321.3771090509,190296.02289094913,12987.322890949117,7.324695793804318,89821.8,80042.83766933595,99600.76233066406,9778.96233066405,10.887070099534913,208455775.4,203063995.5697081,213847555.2302919,5391779.830291903,2.586534155719968,645218590.4,627206834.365723,663230346.4342769,18011756.034276925,2.7915742513108044,8653.1,7346.574491368323,9959.625508631678,1306.525508631677,15.098929963038414,0.0,0.0,0.0,0.0,,113915937.2,111248194.75510234,116583679.64489767,2667742.444897662,2.341851816760247,722098.9,711517.937302786,732679.862697214,10580.962697213989,1.4653065801947611
NY,4LVBQ,10,298874.9,298504.05945066473,299245.7405493353,370.8405493352736,0.12407885350535411,298874.9,298504.05945066473,299245.7405493353,370.8405493352736,0.12407885350535411,0.0,0.0,0.0,0.0,,791782.5,743671.572555949,839893.427444051,48110.927444050976,6.076280726594863,359315.2,355166.4238579403,363463.9761420597,4148.776142059706,1.1546341880498532,90.6,89.6951371349036,91.50486286509638,0.9048628650963966,0.9987448842123584,90.6,89.6951371349036,91.50486286509638,0.9048628650963966,0.9987448842123584,341561491.8,338828902.14236337,344294081.45763665,2732589.657636619,0.8000286107301219,1595679.3,1558000.195703148,1633358.4042968522,37679.104296852165,2.3613206172977343,176404.0,166155.30987462806,186652.69012537194,10248.69012537193,5.809783295941095,84150.3,76599.59915199084,91701.00084800916,7550.700848009156,8.972874544724329,221627280.3,219488289.72410747,223766270.87589255,2138990.575892525,0.9651296415302013,697045555.6,690666062.4319962,703425048.7680038,6379493.168003844,0.9152189719526338,8402.3,7429.0863793260105,9375.513620673988,973.2136206739883,11.582704981659646,0.0,0.0,0.0,0.0,,122305450.8,121253844.86091405,123357056.73908594,1051605.9390859497,0.8598193557256809,778047.0,769392.3466416447,786701.6533583553,8654.653358355314,1.1123561119515033
NY,5LVBQ,10,298887.5,298685.3233112871,299089.6766887129,202.17668871290348,0.06764307263197808,298887.5,298685.3233112871,299089.6766887129,202.17668871290348,0.06764307263197808,0.0,0.0,0.0,0.0,,741009.8,691847.830383005,790171.7696169951,49161.96961699511,6.634456064817916,383046.0,376269.965081232,389822.034918768,6776.03491876797,1.7689872544728233,97.5,96.3689214186295,98.6310785813705,1.1310785813704958,1.1600805962774317,97.5,96.3689214186295,98.6310785813705,1.1310785813704958,1.1600805962774317,372902286.4,368749282.2295699,377055290.57043004,4153004.170430076,1.1136976955875475,1600239.1,1558609.3205254078,1641868.8794745924,41629.77947459238,2.601472459621339,177428.7,173063.41941303058,181793.98058696944,4365.280586969437,2.4603012855132436,84421.5,80516.57514703294,88326.42485296706,3904.924852967061,4.625509915089237,239715741.5,238905209.92841628,240526273.07158372,810531.5715837284,0.33812196333536504,766230650.7,763950139.4404364,768511161.9595637,2280511.2595636253,0.2976272559026756,8078.5,7228.133805784677,8928.866194215323,850.3661942153234,10.526288224488747,0.0,0.0,0.0,0.0,,131938435.2,130917732.47890651,132959137.9210935,1020702.721093486,0.7736204537716739,824719.5,816530.9513248245,832908.0486751755,8188.548675175493,0.9928889368052403
NY,6LVBQ,10,298760.3,298497.6056257088,299022.99437429116,262.69437429114356,0.08792813981347039,298760.3,298497.6056257088,299022.99437429116,262.69437429114356,0.08792813981347039,0.0,0.0,0.0,0.0,,687538.2,642559.388488257,732517.011511743,44978.81151174296,6.542009085712324,407034.0,398585.827319989,415482.172680011,8448.172680011025,2.0755447161689258,105.6,104.57715357657334,106.62284642342665,1.022846423426654,0.968604567638877,105.6,104.57715357657334,106.62284642342665,1.022846423426654,0.968604567638877,404088776.4,399829209.42433554,408348343.3756644,4259566.975664456,1.0541166259584478,1629569.3,1583946.5983055457,1675192.0016944543,45622.70169445431,2.799678522076619,176396.1,166886.67893738687,185905.52106261314,9509.421062613152,5.390947454401288,87653.4,79587.24630789828,95719.5536921017,8066.153692101714,9.202328366157747,260734239.2,259998579.26266465,261469899.13733533,735659.9373353464,0.28214934087388793,836739014.0,832693537.1540953,840784490.8459047,4045476.845904733,0.4834813219196605,8407.8,7551.066343904841,9264.533656095156,856.7336560951577,10.189748282489566,0.0,0.0,0.0,0.0,,141733850.6,140524991.2759336,142942709.9240664,1208859.3240663868,0.8529079813671462,908685.1,896773.9497800459,920596.2502199541,11911.150219954052,1.3108116574106974
NY,1LVBQDK,10,264346.0,264346.0,264346.0,0.0,0.0,264346.0,264346.0,264346.0,0.0,0.0,34508.9,34279.6910317556,34738.1089682444,229.20896824440158,0.6642024760117,912843.7,786220.6476694532,1039466.7523305467,126623.05233054672,13.871274165615288,0.0,0.0,0.0,0.0,,47.5,46.272491646251915,48.727508353748085,1.2275083537480842,2.5842281131538614,47.5,46.272491646251915,48.727508353748085,1.2275083537480842,2.5842281131538614,139266501.7,137536559.8795158,140996443.52048418,1729941.8204841977,1.242180854237827,2601634.5,2559279.372301404,2643989.627698596,42355.12769859597,1.6280199120436007,213195.2,202722.11435186485,223668.28564813518,10473.085648135171,4.912439702270581,106291.5,97484.91705030392,115098.08294969608,8806.582949696074,8.28531251294419,121979753.2,117802188.07292475,126157318.32707526,4177565.1270752563,3.4248020818878455,279739447.2,274908370.89732784,284570523.50267214,4831076.30267213,1.726991438292987,9976.8,8769.74362236723,11183.856377632768,1207.0563776327695,12.098632603968904,0.0,0.0,0.0,0.0,,43306151.0,42986278.23566866,43626023.76433134,319872.76433133706,0.7386312497070845,674295.1,663609.3177824682,684980.8822175318,10685.782217531838,1.5847337786574216
NY,2LVBQDK,10,264346.0,264346.0,264346.0,0.0,0.0,264346.0,264346.0,264346.0,0.0,0.0,34531.1,34319.959285679746,34742.24071432025,211.1407143202543,0.6114508785421093,985987.3,915846.0679518544,1056128.5320481458,70141.23204814563,7.113806846005585,4015.2,3719.575341010865,4310.824658989135,295.6246589891348,7.3626384486236,53.3,52.47054237366164,54.12945762633836,0.8294576263383635,1.55620567793314,53.3,52.47054237366164,54.12945762633836,0.8294576263383635,1.55620567793314,173937749.6,172825790.894648,175049708.305352,1111958.7053520088,0.6392854385601461,2352094.0,2270929.6125646797,2433258.3874353203,81164.38743532034,3.450728900941899,192708.2,183060.0044014167,202356.39559858333,9648.195598583317,5.006634693585077,102192.2,95199.95866834527,109184.44133165473,6992.241331654737,6.84224562310503,133568767.6,133223296.48704615,133914238.71295384,345471.1129538479,0.2586466276221358,330968658.3,327172642.40905213,334764674.1909479,3796015.890947902,1.1469411969235703,10267.0,9072.322411812038,11461.677588187962,1194.6775881879626,11.636092219615882,0.0,0.0,0.0,0.0,,48151594.8,47860375.85373556,48442813.746264435,291218.94626443804,0.6047960560268671,690638.6,681404.5447121045,699872.6552878955,9234.055287895504,1.33703145000808
NY,3LVBQDK,10,264346.0,264346.0,264346.0,0.0,0.0,264346.0,264346.0,264346.0,0.0,0.0,34491.9,34101.4924147618,34882.3075852382,390.4075852382043,1.1318819352897473,878652.3,804152.7788616016,953151.8211383985,74499.52113839847,8.478839825309564,294872.0,291877.5079977118,297866.4920022882,2994.492002288254,1.0155226682385083,71.1,70.31274619498855,71.88725380501144,0.7872538050114466,1.1072486709021754,71.1,70.31274619498855,71.88725380501144,0.7872538050114466,1.1072486709021754,252688376.4,251267484.81082103,254109267.989179,1420891.589178991,0.5623098337256921,2368002.8,2290215.9184605326,2445789.681539467,77786.88153946721,3.2849150997400516,193046.5,182403.35970592368,203689.64029407632,10643.140294076333,5.513252140844995,101817.0,94345.74872131384,109288.25127868616,7471.251278686165,7.337921249581274,178430395.3,177419949.6936321,179440840.90636793,1010445.6063679291,0.5662967930262323,480809671.1,475774484.9630583,485844857.23694175,5035186.136941748,1.0472306277496897,11670.0,10369.92118009573,12970.07881990427,1300.0788199042704,11.140349784955188,0.0,0.0,0.0,0.0,,65796385.1,65418004.38945851,66174765.810541496,378380.71054149175,0.5750782660269458,816568.4,811010.1058806526,822126.6941193475,5558.294119347445,0.6806893481730919
NY,4LVBQDK,10,264346.0,264346.0,264346.0,0.0,0.0,264346.0,264346.0,264346.0,0.0,0.0,34655.0,34475.81582724589,34834.18417275411,179.18417275411284,0.5170514290985798,707385.6,655486.9753385218,759284.2246614782,51898.62466147826,7.336680964593888,324806.3,319303.0012409407,330309.59875905927,5503.298759059261,1.6943325172754535,76.3,75.23094623312794,77.36905376687206,1.0690537668720643,1.4011189605138459,76.3,75.23094623312794,77.36905376687206,1.0690537668720643,1.4011189605138459,279732233.5,278146797.32811844,281317669.67188156,1585436.1718815826,0.5667692107000543,2390600.8,2282574.055043384,2498627.5449566157,108026.74495661592,4.518811545474925,188970.7,176664.45112317416,201276.94887682586,12306.248876825855,6.512252363369482,95678.8,87072.86548459533,104284.73451540468,8605.934515404673,8.994609584782285,196803229.6,194428648.81224036,199177810.38775963,2374580.787759627,1.206576128138716,541686540.0,538637578.6421554,544735501.3578446,3048961.357844594,0.5628645226895603,11527.8,10047.81836875982,13007.78163124018,1479.9816312401804,12.838370124743495,0.0,0.0,0.0,0.0,,70592139.8,70314157.66584527,70870121.93415472,277982.13415472704,0.39378624155932873,877049.1,864856.7188280863,889241.4811719137,12192.381171913676,1.3901594758963525
NY,5LVBQDK,10,264346.0,264346.0,264346.0,0.0,0.0,264346.0,264346.0,264346.0,0.0,0.0,34367.9,34076.6439196664,34659.1560803336,291.2560803336007,0.8474654556536789,613815.9,567551.7079873071,660080.0920126929,46264.19201269289,7.537144608455547,346575.8,338634.3871638231,354517.21283617686,7941.412836176883,2.291392773579945,80.9,79.91973189614558,81.88026810385443,0.9802681038544295,1.2117034658274777,80.9,79.91973189614558,81.88026810385443,0.9802681038544295,1.2117034658274777,306810052.8,304616330.25509197,309003775.34490806,2193722.5449080653,0.7150099955616791,2442103.1,2321844.7201494696,2562361.4798505306,120258.37985053037,4.9243776747398735,196223.4,180770.1030370463,211676.6969629537,15453.29696295371,7.8753588832696355,96728.0,86148.73303272153,107307.26696727847,10579.266967278474,10.937129856172437,206124628.8,204059577.28965774,208189680.31034228,2065051.5103422825,1.0018460784450822,584535870.1,579657581.8041064,589414158.3958937,4878288.295893723,0.83455756018175,13019.8,10505.659118739553,15533.940881260445,2514.140881260446,19.310134420347826,0.0,0.0,0.0,0.0,,75036415.7,74614197.45907491,75458633.94092509,422218.24092509394,0.5626844472597775,913972.2,903980.2743023187,923964.1256976812,9991.925697681309,1.0932417526136253
NY,6LVBQDK,10,264346.0,264346.0,264346.0,0.0,0.0,264346.0,264346.0,264346.0,0.0,0.0,34505.2,34180.95645624813,34829.44354375186,324.243543751865,0.9396947235543194,548189.5,516462.5295003345,579916.4704996655,31726.97049966548,5.7875917907339485,372491.0,364168.4304799483,380813.5695200517,8322.56952005172,2.234300834127998,87.3,86.54218672930084,88.05781327069916,0.7578132706991564,0.8680564383724587,87.3,86.54218672930084,88.05781327069916,0.7578132706991564,0.8680564383724587,336890603.4,335475559.3886042,338305647.4113957,1415044.0113957303,0.4200307153463724,2453210.6,2336899.1053367457,2569522.0946632545,116311.4946632542,4.741194851483773,196879.2,186252.463124652,207505.93687534804,10626.736875348028,5.397592470585022,96646.4,88758.35528371441,104534.44471628558,7888.04471628559,8.16175741288407,226306630.6,225863678.86771655,226749582.33228344,442951.73228345596,0.19573077956623336,648812101.3,644808615.583899,652815587.0161009,4003485.716100874,0.6170485581386727,12133.2,9781.257155234536,14485.142844765465,2351.9428447654645,19.384357339905915,0.0,0.0,0.0,0.0,,80192854.3,79818546.53570564,80567162.06429435,374307.7642943498,0.4667594981643518,997523.5,982471.5301861343,1012575.4698138657,15051.969813865671,1.508933856081152
NY,BINH,10,299005.2,298771.3995425083,299239.0004574917,233.8004574917162,0.07819277306605911,299005.2,298771.3995425083,299239.0004574917,233.8004574917162,0.07819277306605911,0.0,0.0,0.0,0.0,,0.0,0.0,0.0,0.0,,0.0,0.0,0.0,0.0,,93.6,92.37480988883799,94.825190111162,1.225190111162009,1.3089637939765053,93.7,92.34900408574931,95.05099591425069,1.350995914250693,1.441831285219523,336530765.3,331724728.5177953,341336802.0822047,4806036.782204665,1.4281121602419704,1386346.2,1315156.1189352106,1457536.2810647893,71190.08106478931,5.135086824978444,173456.5,165329.57487584656,181583.42512415344,8126.925124153437,4.6852813957121455,80392.7,76215.12534172258,84570.27465827741,4177.574658277413,5.196460198845682,239577966.3,235310650.81057099,243845281.78942904,4267315.489429024,1.7811802793607001,687175141.6,675244607.10148,699105676.09852,11930534.49852001,1.73617085023496,8680.9,7374.43293953219,9987.367060467808,1306.4670604678095,15.049903356423982,0.3,-0.3786471488222975,0.9786471488222974,0.6786471488222975,226.21571627409915,112826894.8,111393156.12781867,114260633.47218132,1433738.6721813274,1.270741940317343,1491644.5,1451512.1009209899,1531776.8990790101,40132.39907901021,2.690480143158119
NY,FIBH,10,264346.0,264346.0,264346.0,0.0,0.0,264346.0,264346.0,264346.0,0.0,0.0,34428.3,34157.54372684915,34699.056273150854,270.75627315084864,0.7864352092634508,0.0,0.0,0.0,0.0,,0.0,0.0,0.0,0.0,,135.4,134.00144116639248,136.79855883360753,1.3985588336075292,1.0329090351606567,135.4,134.00144116639248,136.79855883360753,1.3985588336075292,1.0329090351606567,462811182.4,459580812.7168111,466041552.08318883,3230369.68318886,0.6979886843781803,3854786.0,3703918.4340795605,4005653.5659204395,150867.56592043978,3.913772798812691,296494.3,284134.0047808088,308854.59521919116,12360.295219191205,4.168813774562008,141178.3,132187.19744139945,150169.40255860053,8991.102558600533,6.368615119037793,346667241.6,343087351.4758923,350247131.72410774,3579890.1241077306,1.0326589000983155,695872935.9,691083418.6014061,700662453.1985939,4789517.298593835,0.6882746908958836,20578.0,18811.393101924557,22344.606898075443,1766.6068980754444,8.584930013001479,0.0,0.0,0.0,0.0,,96113770.7,95680996.69759311,96546544.7024069,432774.00240690087,0.4502726292548846,2379099.3,2356438.8626201176,2401759.737379882,22660.43737988215,0.9524796791744737
BAY,1LVBQ,10,346556.1,346455.33171044925,346656.8682895507,100.7682895507099,0.029077049733278366,346556.1,346455.33171044925,346656.8682895507,100.7682895507099,0.029077049733278366,0.0,0.0,0.0,0.0,,2148883.3,1979792.495817628,2317974.104182372,169090.80418237185,7.868775572055117,0.0,0.0,0.0,0.0,,81.0,79.98833256166462,82.01166743833538,1.0116674383353823,1.2489721460930647,81.1,80.11973189614557,82.08026810385442,0.9802681038544295,1.208715294518409,242791627.8,239714754.15801412,245868501.4419859,3076873.6419858807,1.267289844327112,3512586.2,3451594.459944254,3573577.9400557466,60991.74005574659,1.7363770334161932,432005.0,426682.797182039,437327.202817961,5322.20281796102,1.2319771340519252,167748.0,165291.46933825378,170204.53066174622,2456.5306617462315,1.4644172578786225,201077554.2,197889822.6923735,204265285.70762646,3187731.507626472,1.5853243890443502,495217078.9,490184807.6266427,500249350.17335725,5032271.273357273,1.0161748226727552,20490.2,18112.430145704322,22867.96985429568,2377.769854295678,11.60442481916076,0.0,0.0,0.0,0.0,,90959200.4,90451325.73354696,91467075.06645305,507874.6664530458,0.5583543657152089,853923.6,848772.9622171221,859074.2377828779,5150.637782877928,0.6031731390112568
BAY,2LVBQ,10,346712.0,346610.2336529664,346813.7663470336,101.76634703362838,0.029351838711561287,346712.0,346610.2336529664,346813.7663470336,101.76634703362838,0.029351838711561287,0.0,0.0,0.0,0.0,,2285004.7,2168824.055109344,2401185.3448906564,116180.64489065617,5.084481659519394,4707.5,4471.1406583088165,4943.8593416911835,236.35934169118352,5.020910073100022,87.6,86.52299776854464,88.67700223145535,1.0770022314553567,1.2294546021179873,87.7,86.63094623312794,88.76905376687206,1.0690537668720643,1.2189894719179752,329109379.2,322998791.88264006,335219966.5173599,6110587.3173599085,1.8567040940047173,2514592.6,2470206.369138716,2558978.8308612844,44386.23086128423,1.7651460066049758,222085.0,211877.71641912757,232292.28358087243,10207.283580872432,4.596115712845276,111967.9,104753.77766389518,119182.02233610481,7214.1223361048205,6.443027274875051,221710624.6,220444136.63208106,222977112.56791893,1266487.9679189413,0.5712346759222207,687395520.9,677511515.4705431,697279526.3294568,9884005.429456796,1.437892032888979,12443.7,11259.846250228113,13627.553749771889,1183.8537497718883,9.513679611143697,0.0,0.0,0.0,0.0,,129458423.2,126954600.95878129,131962245.44121872,2503822.2412187215,1.9340744150348352,712633.2,705290.4749580576,719975.9250419423,7342.7250419423435,1.030365276546524
BAY,3LVBQ,10,346596.2,346501.19191270607,346691.20808729396,95.0080872939147,0.027411750992629085,346596.2,346501.19191270607,346691.20808729396,95.0080872939147,0.027411750992629085,0.0,0.0,0.0,0.0,,1831290.0,1697108.9725293159,1965471.0274706841,134181.0274706842,7.327131555935116,392659.1,388954.9666298048,396363.23337019514,3704.13337019514,0.9433458616380316,102.5,100.94548117937856,104.05451882062144,1.5545188206214446,1.5166037274355557,102.5,100.94548117937856,104.05451882062144,1.5545188206214446,1.5166037274355557,392265278.2,385060584.1135876,399469972.28641236,7204694.086412377,1.836689222016484,1778437.1,1724006.7943863529,1832867.4056136473,54430.305613647295,3.0605696211379807,222968.3,211158.68388169588,234777.9161183041,11809.616118304106,5.2965448982228,108230.3,100417.92028327688,116042.67971672313,7812.379716723117,7.218292582320402,257543070.3,251541691.69603613,263544448.9039639,6001378.603963892,2.330242703472147,806985305.3,786510416.752193,827460193.8478069,20474888.547807015,2.5372071106295295,11218.4,9700.533067633974,12736.266932366025,1517.8669323660247,13.530155212561725,0.0,0.0,0.0,0.0,,143927462.5,140966455.4987999,146888469.5012001,2961007.0012000995,2.057291186662934,862076.1,849538.6325456664,874613.5674543335,12537.467454333522,1.4543341886329435
BAY,4LVBQ,10,346626.8,346467.80905990227,346785.7909400977,158.99094009771846,0.04586804600732502,346626.8,346467.80905990227,346785.7909400977,158.99094009771846,0.04586804600732502,0.0,0.0,0.0,0.0,,1479021.9,1370429.2930216857,1587614.5069783141,108592.6069783143,7.3421906043659195,443558.3,435023.94336508383,452092.65663491614,8534.356634916181,1.9240664947350057,107.8,106.2254923899771,109.37450761002289,1.5745076100228932,1.4605821985370067,107.8,106.2254923899771,109.37450761002289,1.5745076100228932,1.4605821985370067,417928761.0,411758285.1598825,424099236.8401175,6170475.840117488,1.4764420197722377,1657811.3,1593198.3545177397,1722424.2454822604,64612.945482260264,3.8974849237823546,219055.7,209688.91985008185,228422.48014991818,9366.780149918162,4.275981017575969,101949.6,96480.69828696176,107418.50171303825,5468.901713038245,5.364318950773956,268676403.7,264858818.18626738,272493989.2137326,3817585.513732616,1.4208860402922745,856699866.3,844658162.5872878,868741570.0127121,12041703.712712161,1.4055918748673397,10997.7,9496.273154201752,12499.12684579825,1501.4268457982496,13.652189510518104,0.0,0.0,0.0,0.0,,150689695.1,148355867.99616426,153023522.20383573,2333827.10383573,1.5487635715812993,891286.6,877681.4778946607,904891.7221053393,13605.122105339267,1.5264587289138272
BAY,5LVBQ,10,346680.8,346525.4147753654,346836.1852246346,155.38522463460188,0.04482083364137901,346680.8,346525.4147753654,346836.1852246346,155.38522463460188,0.04482083364137901,0.0,0.0,0.0,0.0,,1212020.2,1157071.9244064263,1266968.4755935736,54948.275593573584,4.5336105449045805,481482.2,474209.87468235026,488754.52531764976,7272.325317649745,1.5104037735247002,115.4,113.64126272073034,117.15873727926967,1.7587372792696603,1.5240357705976257,115.5,113.73964697644904,117.26035302355096,1.760353023550959,1.5241151719055923,446514698.2,442651614.14831156,450377782.2516884,3863084.0516884443,0.865163916722427,1694147.6,1647285.6102251837,1741009.5897748165,46861.98977481643,2.766110212287077,224719.3,210738.53098053043,238700.06901946955,13980.76901946957,6.221436707692472,104233.3,95867.8674847681,112598.73251523191,8365.4325152319,8.025681346778716,287659260.3,285611207.7332969,289707312.86670315,2048052.5667031645,0.7119717142313615,920468723.8,911812500.3227618,929124947.2772381,8656223.477238223,0.9404147314753362,12323.5,10789.481010501835,13857.518989498165,1534.0189894981654,12.44791649692186,0.0,0.0,0.0,0.0,,158717650.1,157456658.78240713,159978641.41759285,1260991.3175928565,0.7944871391419728,1008232.9,1000229.4113424768,1016236.3886575232,8003.488657523226,0.7938134787630144
BAY,6LVBQ,10,346668.9,346588.4390768065,346749.36092319357,80.46092319357537,0.023209732166218362,346668.9,346588.4390768065,346749.36092319357,80.46092319357537,0.023209732166218362,0.0,0.0,0.0,0.0,,1177295.3,1129615.990048044,1224974.6099519562,47679.30995195625,4.049902344123539,522372.3,514146.1785131237,530598.4214868762,8226.121486876269,1.5747621929563014,123.6,122.47143772559821,124.72856227440178,1.1285622744017882,0.9130762737878545,123.6,122.47143772559821,124.72856227440178,1.1285622744017882,0.9130762737878545,481204684.9,477505214.16524005,484904155.6347599,3699470.7347599454,0.7687935822006262,1626842.6,1580261.095126354,1673424.1048736463,46581.50487364615,2.863307419761822,215539.7,210292.72942104004,220786.67057895998,5246.970578959954,2.434340670864789,101173.9,97947.75876384445,104400.04123615554,3226.1412361555467,3.188708981422627,308172884.5,306640479.1532211,309705289.8467789,1532405.3467789192,0.49725508759967463,989566208.4,984222686.0100828,994909730.7899171,5343522.389917081,0.5399863439715533,10304.0,9412.326754653672,11195.673245346328,891.6732453463278,8.653661154370418,0.0,0.0,0.0,0.0,,169193922.0,168015655.58799142,170372188.41200858,1178266.412008571,0.6963999640652405,1081019.4,1066173.7951257164,1095865.0048742834,14845.604874283465,1.373296804320391
BAY,1LVBQDK,10,321270.0,321270.0,321270.0,0.0,0.0,321270.0,321270.0,321270.0,0.0,0.0,25374.4,25295.35948202263,25453.44051797737,79.04051797737147,0.3114970914676661,2310421.0,2167524.1790998434,2453317.8209001566,142896.8209001567,6.1848823612734085,0.0,0.0,0.0,0.0,,58.0,57.24594761241967,58.75405238758033,0.7540523875803304,1.3000903234143628,58.0,57.24594761241967,58.75405238758033,0.7540523875803304,1.3000903234143628,177605995.1,175933213.54242972,179278776.65757027,1672781.5575702847,0.9418497143795371,2886045.1,2809325.241688764,2962764.958311236,76719.85831123595,2.658304207069943,299376.0,292961.4849010624,305790.5150989376,6414.515098937608,2.1426283666484984,138576.8,133168.4404796628,143985.15952033718,5408.359520337182,3.9027885766861288,149360195.4,146632942.61596966,152087448.18403035,2727252.7840303625,1.825956893485935,349036577.0,345759002.08084136,352314151.91915864,3277574.919158637,0.939034798968544,12624.6,10636.322728870105,14612.877271129895,1988.2772711298958,15.749229845934886,0.0,0.0,0.0,0.0,,51838249.6,51653590.45048334,52022908.749516666,184659.14951666267,0.3562218071434701,733983.4,724308.0374538135,743658.7625461866,9675.362546186574,1.318199096353756
BAY,2LVBQDK,10,321270.0,321270.0,321270.0,0.0,0.0,321270.0,321270.0,321270.0,0.0,0.0,25379.7,25262.24097615775,25497.15902384225,117.45902384225131,0.46280698291252975,2257966.8,2034951.5219480637,2480982.078051936,223015.27805193607,9.87681829741412,4618.4,4177.450794933926,5059.349205066073,440.9492050660739,9.547661637495104,64.0,63.107793182887605,64.8922068171124,0.8922068171123978,1.3940731517381215,64.0,63.107793182887605,64.8922068171124,0.8922068171123978,1.3940731517381215,212650305.1,209483655.97952065,215816954.22047934,3166649.120479333,1.4891345295696607,2455394.8,2320202.48371771,2590587.11628229,135192.3162822902,5.505929892915397,237111.1,226160.32239163676,248061.87760836325,10950.777608363254,4.618416264933718,125039.3,119325.25790936685,130753.34209063316,5714.042090633153,4.569796928352248,159305243.6,156279495.8925964,162330991.3074036,3025747.7074036077,1.8993396821268271,394022922.1,389635667.8535227,398410176.3464773,4387254.246477284,1.1134515279199497,13306.7,11471.172641350533,15142.227358649468,1835.527358649468,13.79400872229379,0.0,0.0,0.0,0.0,,56671747.4,56191707.7846254,57151787.01537459,480039.6153745952,0.8470527862611755,767652.2,760026.4247210601,775277.9752789398,7625.775278939903,0.9933893603040417
BAY,3LVBQDK,10,321270.0,321270.0,321270.0,0.0,0.0,321270.0,321270.0,321270.0,0.0,0.0,25537.8,25429.255317786494,25646.344682213505,108.54468221350551,0.42503536801723524,1697512.1,1596176.0357545828,1798848.1642454173,101336.06424541725,5.969681408775657,365625.2,362675.5418669401,368574.8581330599,2949.658133059893,0.8067436634728385,84.6,83.6951371349036,85.50486286509638,0.9048628650963966,1.0695778547238732,84.6,83.6951371349036,85.50486286509638,0.9048628650963966,1.0695778547238732,294425296.3,292720800.48290473,296129792.1170953,1704495.8170952564,0.5789230200378188,2414930.6,2334735.077102296,2495126.122897704,80195.52289770385,3.320821016459183,240734.6,232204.10931824942,249265.0906817506,8530.490681750589,3.543524978025838,124698.8,119008.9614955342,130388.63850446581,5689.838504465799,4.562865484243472,214075297.0,210115548.85614005,218035045.14385995,3959748.1438599383,1.8496987739131519,558353707.9,553150960.6878978,563556455.1121022,5202747.212102142,0.931801318499338,15695.4,14181.134749926061,17209.665250073936,1514.2652500739382,9.647828345081605,0.0,0.0,0.0,0.0,,75645430.4,75292111.6648736,75998749.13512641,353318.7351264094,0.46707214600818686,948162.9,936268.1918893956,960057.6081106045,11894.70811060439,1.254500477777014
BAY,4LVBQDK,10,321270.0,321270.0,321270.0,0.0,0.0,321270.0,321270.0,321270.0,0.0,0.0,25452.9,25320.443899375037,25585.356100624966,132.45610062496462,0.5203968923971909,1343882.6,1269793.861646077,1417971.3383539233,74088.73835392328,5.513036507349919,418657.5,412224.04312932905,425090.95687067095,6433.456870670978,1.5366873567703858,93.1,92.00987910912569,94.1901208908743,1.0901208908743092,1.170913953678098,93.1,92.00987910912569,94.1901208908743,1.0901208908743092,1.170913953678098,329410404.2,327401157.0723207,331419651.3276793,2009247.1276793056,0.609952540071989,2404267.9,2295997.3315762295,2512538.4684237703,108270.56842377024,4.503265564697272,242458.1,230716.95337420906,254199.24662579095,11741.146625790961,4.842546660965734,124067.6,116058.25350907088,132076.94649092914,8009.346490929122,6.455631035765277,233204178.0,229367441.47174934,237040914.52825066,3836736.5282506524,1.6452263253408146,626456086.9,620450354.3966004,632461819.4033996,6005732.503399596,0.9586837176598908,15102.8,13025.551630585123,17180.048369414875,2077.248369414876,13.754061296017136,0.0,0.0,0.0,0.0,,81809784.0,81338257.6496016,82281310.3503984,471526.3503984024,0.5763691423490404,999373.3,982887.4598688936,1015859.1401311065,16485.8401311064,1.6496178286038259
BAY,5LVBQDK,10,321270.0,321270.0,321270.0,0.0,0.0,321270.0,321270.0,321270.0,0.0,0.0,25397.1,25266.2518332059,25527.948166794096,130.84816679409923,0.5152090860535228,1027757.5,966000.3787781071,1089514.621221893,61757.12122189289,6.008919538110195,455882.3,444986.29576734314,466778.30423265684,10896.004232656856,2.3900915285934237,105.0,103.53008129060846,106.46991870939154,1.4699187093915325,1.399922580372888,105.0,103.53008129060846,106.46991870939154,1.4699187093915325,1.399922580372888,363479882.2,361530557.0021486,365429207.39785135,1949325.1978513817,0.5362952100822987,2512623.8,2370543.9281615727,2654703.671838427,142079.87183842727,5.654641647445482,250201.2,235532.66487790595,264869.7351220941,14668.53512209407,5.862695751296984,126839.0,116085.55726479182,137592.4427352082,10753.442735208184,8.478025477343865,255718224.0,253615578.77812433,257820869.22187567,2102645.221875655,0.8222508310067314,690424328.5,685412893.973132,695435763.026868,5011434.526867978,0.7258484847652611,16863.7,14154.732316076163,19572.66768392384,2708.9676839238373,16.063898693192105,0.0,0.0,0.0,0.0,,87738223.7,87430854.61177734,88045592.78822267,307369.088222674,0.35032517785366785,1130537.9,1109840.7445357824,1151235.0554642174,20697.155464217572,1.8307352158841887
BAY,6LVBQDK,10,321270.0,321270.0,321270.0,0.0,0.0,321270.0,321270.0,321270.0,0.0,0.0,25396.8,25256.11241434961,25537.48758565039,140.68758565039093,0.5539579224563367,888340.3,845250.9698011498,931429.6301988503,43089.33019885026,4.850543220751131,485646.4,475205.20824573573,496087.5917542643,10441.191754264317,2.1499576140715377,104.9,103.45151266423709,106.34848733576293,1.4484873357629167,1.3808268215089767,105.0,103.49189522483934,106.50810477516066,1.5081047751606609,1.4362902620577722,393447359.1,391782088.59099644,395112629.6090036,1665270.509003568,0.423251159395968,2502092.8,2356963.484323997,2647222.1156760026,145129.31567600288,5.800317065618145,249045.3,235393.46221377957,262697.1377862204,13651.837786220412,5.481668510194897,119277.2,110355.33294857979,128199.0670514202,8921.867051420206,7.479943401941197,262643945.9,260116165.3069609,265171726.4930391,2527780.5930390866,0.9624362687581319,747688679.2,741616526.5217723,753760831.8782278,6072152.678227729,0.8121231265297093,16174.9,13199.500728452353,19150.299271547647,2975.399271547646,18.395163318151248,0.0,0.0,0.0,0.0,,92823305.4,92423506.94537124,93223103.85462877,399798.45462877175,0.4307091337740401,1186632.0,1166026.2200292973,1207237.7799707027,20605.779970702617,1.7364928613675188
BAY,BINH,10,346744.7,346614.01506345207,346875.38493654795,130.68493654792422,0.037689094180220845,346744.7,346614.01506345207,346875.38493654795,130.68493654792422,0.037689094180220845,0.0,0.0,0.0,0.0,,0.0,0.0,0.0,0.0,,0.0,0.0,0.0,0.0,,107.3,105.90755288755184,108.69244711244815,1.3924471124481481,1.2977139910979947,107.3,105.90755288755184,108.69244711244815,1.3924471124481481,1.2977139910979947,370973686.6,367690306.98386395,374257066.2161361,3283379.6161360554,0.8850707569662046,1373706.8,1311178.5422826633,1436235.0577173368,62528.25771733678,4.551790652658688,214750.0,205075.69693475112,224424.30306524888,9674.303065248896,4.504914116530336,99709.7,94044.57990767865,105374.82009232134,5665.120092321347,5.681613817232774,261960543.5,259535833.627113,264385253.372887,2424709.872886976,0.9256011766088645,753769424.4,748913368.0149832,758625480.7850168,4856056.385016745,0.644236317874284,11449.1,10060.748317110781,12837.45168288922,1388.3516828892198,12.126295367227291,0.2,-0.2524314325481983,0.6524314325481984,0.4524314325481983,226.21571627409912,124755531.3,123800470.67724034,125710591.92275965,955060.62275966,0.7655457139315314,1608968.3,1596040.39493317,1621896.2050668302,12927.905066829997,0.8034903525961324
BAY,FIBH,10,321270.0,321270.0,321270.0,0.0,0.0,321270.0,321270.0,321270.0,0.0,0.0,25500.4,25369.67889085753,25631.121109142474,130.72110914247347,0.5126237594017092,0.0,0.0,0.0,0.0,,0.0,0.0,0.0,0.0,,158.5,156.4978524598147,160.5021475401853,2.0021475401852777,1.2631845679402383,158.5,156.4978524598147,160.5021475401853,2.0021475401852777,1.2631845679402383,530719683.2,525096755.37939435,536342611.0206056,5622927.820605611,1.0594911021015645,3735641.6,3448084.58949746,4023198.61050254,287557.0105025401,7.697660570610952,357473.6,346008.6552666958,368938.5447333042,11464.944733304232,3.207214388224538,168046.0,162666.6760630776,173425.3239369224,5379.323936922392,3.2011020416566844,401306408.2,396891869.54795206,405720946.8520479,4414538.652047938,1.1000419036039548,801571792.5,794303421.0439385,808840163.9560615,7268371.456061531,0.9067648742219844,27179.7,23469.459402316923,30889.94059768308,3710.240597683078,13.650778329720628,0.0,0.0,0.0,0.0,,110590610.6,109777538.09097031,111403683.10902968,813072.509029685,0.7352093497073838,2787427.5,2759301.9715827275,2815553.0284172725,28125.528417272704,1.009013809947441
CAL,1LVBQ,10,2041282.9,2041144.1722091057,2041421.6277908941,138.72779089421573,0.006796108020804746,2041282.9,2041144.1722091057,2041421.6277908941,138.72779089421573,0.006796108020804746,0.0,0.0,0.0,0.0,,10303974.6,8963924.900590258,11644024.299409742,1340049.6994097424,13.005172774879922,0.0,0.0,0.0,0.0,,495.5,489.0024482311598,501.9975517688402,6.497551768840173,1.3113121632371691,495.5,489.0024482311598,501.9975517688402,6.497551768840173,1.3113121632371691,1265477847.8,1244504030.4511352,1286451665.1488647,20973817.34886488,1.65738320787893,22802031.1,22566524.906051133,23037537.29394887,235506.1939488699,1.0328298953546726,3517693.4,3420368.193924126,3615018.6060758736,97325.20607587375,2.766733623682887,1492432.8,1431417.5742242252,1553448.0257757748,61015.225775774874,4.088306406544728,1191747459.7,1178856029.7501478,1204638889.6498523,12891429.949852267,1.081724978301816,2592483318.3,2557161545.2492294,2627805091.350771,35321773.05077063,1.3624686724670072,309468.7,272128.69570556126,346808.70429443876,37340.004294438746,12.065841971882373,0.0,0.0,0.0,0.0,,466354679.4,462846762.3211358,469862596.47886413,3507917.078864175,0.7521993953995211,4548880.2,4501519.034788424,4596241.365211576,47361.165211575724,1.041160969936639
CAL,2LVBQ,10,2041410.1,2041092.1681468582,2041728.031853142,317.9318531418255,0.015574129526537831,2041410.1,2041092.1681468582,2041728.031853142,317.9318531418255,0.015574129526537831,0.0,0.0,0.0,0.0,,10392954.8,9598068.057235051,11187841.54276495,794886.7427649496,7.648322907792782,21122.4,19583.073636608773,22661.72636339123,1539.3263633912297,7.287648957463308,526.0,517.1676031315855,534.8323968684145,8.832396868414593,1.679162902740417,526.0,517.1676031315855,534.8323968684145,8.832396868414593,1.679162902740417,1751867610.5,1712700351.204385,1791034869.795615,39167259.29561506,2.235743104151366,17626107.0,17231353.730603747,18020860.269396253,394753.2693962535,2.2395941962468147,2126878.5,1951741.9537748941,2302015.046225106,175136.5462251059,8.234440576887957,1012417.9,966060.0122488647,1058775.7877511354,46357.88775113532,4.57892810381319,1278930504.6,1257550383.2904708,1300310625.909529,21380121.309529137,1.6717187706939567,3586356003.3,3508988347.2096806,3663723659.39032,77367656.09031947,2.1572776383362195,242404.9,179288.4620556684,305521.3379443316,63116.4379443316,26.03760812769527,0.0,0.0,0.0,0.0,,680211028.8,664377498.6954336,696044558.9045663,15833530.104566354,2.3277379275221706,4075651.2,4034362.576815101,4116939.8231848995,41288.62318489955,1.0130558568137418
CAL,3LVBQ,10,2041303.9,2040972.4704370205,2041635.3295629793,331.4295629794719,0.016236169586482045,2041303.9,2040972.4704370205,2041635.3295629793,331.4295629794719,0.016236169586482045,0.0,0.0,0.0,0.0,,9376125.1,8577057.050020685,10175193.149979314,799068.0499793136,8.522369757836461,2215675.6,2199479.5181991155,2231871.6818008847,16196.08180088455,0.7309771250306024,623.5,615.1763408802486,631.8236591197514,8.32365911975139,1.3349894338013457,623.6,615.3521696074232,631.8478303925768,8.247830392576828,1.322615521580633,2202415864.0,2157125402.962242,2247706325.037758,45290461.03775771,2.0563991468669203,13719443.1,13433955.809147594,14004930.390852405,285487.2908524056,2.0808956221583483,1983793.6,1891903.948551419,2075683.2514485812,91889.65144858124,4.6320167303988296,949210.9,910257.0931569914,988164.7068430086,38953.806843008635,4.103809474059836,1504147492.9,1485660343.1585953,1522634642.6414049,18487149.741404865,1.2290782538726701,4467262313.8,4380686317.39991,4553838310.20009,86575996.40009025,1.9380101350360563,195399.3,165345.67459798598,225452.925402014,30053.625402014008,15.380620811852452,0.0,0.0,0.0,0.0,,805174412.5,788495655.308818,821853169.691182,16678757.191182023,2.071446500565742,4813987.7,4775592.854067879,4852382.545932122,38394.845932121665,0.7975684261121327
CAL,4LVBQ,10,2041382.6,2041075.8564935457,2041689.3435064545,306.743506454366,0.01502626241912545,2041382.6,2041075.8564935457,2041689.3435064545,306.743506454366,0.01502626241912545,0.0,0.0,0.0,0.0,,7790933.8,7368051.695880743,8213815.904119257,422882.1041192574,5.4278744368134335,2449716.2,2423879.835405211,2475552.5645947894,25836.364594789215,1.054667662923126,660.8,656.798545852999,664.8014541470009,4.001454147000964,0.6055469350788384,660.8,656.798545852999,664.8014541470009,4.001454147000964,0.6055469350788384,2375395404.5,2349794898.9298387,2400995910.0701613,25600505.570161194,1.0777365958384464,13137204.4,12877810.312497877,13396598.487502124,259394.08750212291,1.9744998981832307,1965676.7,1879951.4243363158,2051401.975663684,85725.27566368408,4.361107585173293,905075.9,855762.4522539105,954389.3477460896,49313.44774608954,5.448542795812986,1593261799.8,1584589052.9967844,1601934546.6032155,8672746.80321559,0.5443390913096811,4824318092.9,4774854568.818435,4873781616.9815645,49463524.08156492,1.0252956610460848,193992.7,171419.8446121893,216565.55538781072,22572.85538781071,11.635930314806025,0.0,0.0,0.0,0.0,,853551102.2,844188841.824242,862913362.5757581,9362260.375758076,1.0968599714331289,4993673.6,4955339.278129673,5032007.921870327,38334.32187032703,0.7676577393910374
CAL,5LVBQ,10,2041329.2,2041039.516115188,2041618.883884812,289.6838848120096,0.014190944058019137,2041329.2,2041039.516115188,2041618.883884812,289.6838848120096,0.014190944058019137,0.0,0.0,0.0,0.0,,7025036.6,6624698.392449315,7425374.807550685,400338.2075506847,5.698734830088782,2703728.2,2659402.5964009003,2748053.8035991,44325.60359909983,1.6394252794752013,688.3,680.736512492671,695.863487507329,7.563487507328958,1.098864958205573,688.3,680.736512492671,695.863487507329,7.563487507328958,1.098864958205573,2560785500.8,2533170240.431604,2588400761.1683965,27615260.368396364,1.0783902189296697,12761858.8,12406592.743398428,13117124.856601574,355266.05660157336,2.7838112156637664,1924153.1,1815979.0851637358,2032327.1148362644,108174.01483626431,5.6219026872791105,891788.0,837857.4946532544,945718.5053467456,53930.50534674563,6.047458067023287,1694195535.2,1680643486.6917663,1707747583.7082338,13552048.508233674,0.7999105313799479,5202308076.0,5150361848.46302,5254254303.53698,51946227.53697928,0.9985227091149164,181790.9,150442.32519814794,213139.47480185205,31348.574801852057,17.24430364878113,0.0,0.0,0.0,0.0,,908191421.9,898471029.5847452,917911814.2152548,9720392.31525486,1.070302150059854,5705117.8,5626728.154426909,5783507.445573091,78389.64557309114,1.3740232598368283
CAL,6LVBQ,10,2041329.9,2041042.5893269796,2041617.2106730202,287.31067302031016,0.014074681070429144,2041329.9,2041042.5893269796,2041617.2106730202,287.31067302031016,0.014074681070429144,0.0,0.0,0.0,0.0,,6186562.1,5838512.026549835,6534612.1734501645,348050.0734501647,5.625904465586221,2855637.6,2800980.1117997067,2910295.0882002935,54657.48820029324,1.9140204695544436,729.1,723.7739128142298,734.4260871857703,5.326087185770256,0.7305016027664595,729.1,723.7739128142298,734.4260871857703,5.326087185770256,0.7305016027664595,2735582646.9,2708502527.316362,2762662766.4836383,27080119.58363807,0.9899214565615714,13018823.7,12685236.21929465,13352411.180705348,333587.48070534854,2.562347324093102,1983127.0,1900611.5643537391,2065642.4356462609,82515.43564626083,4.160875004286706,939760.4,902978.7640027791,976542.0359972209,36781.63599722088,3.9139376374255477,1791184498.6,1779907080.6984975,1802461916.5015023,11277417.90150228,0.6296067161320776,5555185311.2,5504276322.621607,5606094299.778393,50908988.57839271,0.9164228684820532,197518.5,169822.05116446275,225214.94883553725,27696.44883553723,14.022204925380272,0.0,0.0,0.0,0.0,,959353941.1,950062571.2620069,968645310.9379932,9291369.83799319,0.9685028058924383,5971553.6,5895127.852099737,6047979.347900262,76425.74790026229,1.279830225425127
CAL,1LVBQDK,10,1890815.0,1890815.0,1890815.0,0.0,0.0,1890815.0,1890815.0,1890815.0,0.0,0.0,150651.6,150351.2723406346,150951.9276593654,300.32765936538857,0.19935245252316508,10568200.9,9816874.04304565,11319527.756954351,751326.8569543511,7.109316562617115,0.0,0.0,0.0,0.0,,382.4,373.74184978047015,391.0581502195298,8.658150219529823,2.2641606222619832,382.5,373.80874887158404,391.19125112841596,8.691251128415981,2.2722225172329362,1012581946.3,1002070805.8948612,1023093086.7051387,10511140.405138701,1.0380533095169902,22008441.4,21399394.785739947,22617488.01426005,609046.6142600521,2.767331875941257,2750207.6,2529650.7774931896,2970764.4225068106,220556.82250681054,8.019642681040171,1172378.5,1104514.0509441695,1240242.9490558305,67864.4490558304,5.788612556084097,919500885.0,903694923.1142066,935306846.8857934,15805961.88579346,1.7189719056978896,1924250084.2,1905360251.1247592,1943139917.275241,18889833.07524076,0.9816724567323659,273893.3,181652.4365894726,366134.1634105274,92240.86341052738,33.677663312876724,0.0,0.0,0.0,0.0,,297293982.2,295760454.80170035,298827509.5982996,1533527.39829963,0.5158286040475494,4393335.8,4331200.933733095,4455470.666266904,62134.866266904566,1.414298134617995
CAL,2LVBQDK,10,1890815.0,1890815.0,1890815.0,0.0,0.0,1890815.0,1890815.0,1890815.0,0.0,0.0,150585.3,150384.15645847612,150786.44354152385,201.1435415238525,0.13357448670212332,10747934.1,9976307.559055727,11519560.640944272,771626.5409442731,7.179301005802344,21766.4,20170.66756726501,23362.132432734994,1595.7324327349927,7.331172967210897,408.2,401.2659972979591,415.1340027020409,6.934002702040926,1.6986777809997369,408.2,401.2659972979591,415.1340027020409,6.934002702040926,1.6986777809997369,1225471989.8,1214889210.6134815,1236054768.9865184,10582779.186518507,0.8635676110594452,21034478.7,20440329.381912146,21628628.018087853,594149.3180878526,2.8246448441237226,2245563.3,2121199.7206805926,2369926.879319407,124363.57931940736,5.538190765738261,1049395.2,988669.1139747024,1110121.2860252976,60726.08602529755,5.786769943801682,996617908.0,982958097.1942925,1010277718.8057075,13659810.805707466,1.3706166321172975,2282897508.3,2269570112.852329,2296224903.7476716,13327395.447671494,0.5837929823488209,260161.2,221119.81990584603,299202.580094154,39041.380094153996,15.006611321808938,0.0,0.0,0.0,0.0,,328858243.3,327499139.05182666,330217347.54817337,1359104.248173376,0.413279665589388,4556079.8,4515776.247892766,4596383.352107233,40303.552107233416,0.8846103201974956
CAL,3LVBQDK,10,1890815.0,1890815.0,1890815.0,0.0,0.0,1890815.0,1890815.0,1890815.0,0.0,0.0,150391.9,150234.16981322446,150549.63018677552,157.7301867755443,0.10487944282607262,9795643.8,9120849.66262075,10470437.937379252,674794.1373792514,6.888716567861025,2081011.4,2064816.1762672535,2097206.6237327466,16195.223732746506,0.7782381073331222,519.8,514.950557832802,524.6494421671979,4.849442167197902,0.9329438567137173,519.9,515.137515913069,524.6624840869309,4.762484086930911,0.9160384856570324,1712619527.3,1700588993.3512545,1724650061.2487454,12030533.94874553,0.7024639014663143,19962495.0,19586031.269372344,20338958.730627656,376463.7306276551,1.8858551029200266,2172963.8,2125511.2040066742,2220416.3959933254,47452.59599332563,2.1837729645254855,1053226.1,1028999.3880460319,1077452.8119539684,24226.71195396821,2.3002384724389384,1291473471.4,1279697858.9991663,1303249083.800834,11775612.400833778,0.9117966928169746,3193130656.4,3173655622.4210835,3212605690.3789167,19475033.97891665,0.6099040745446099,259616.8,229987.5556324224,289246.0443675776,29629.244367577616,11.412683758361407,0.0,0.0,0.0,0.0,,439022441.2,437407333.51154315,440637548.8884568,1615107.6884568452,0.3678872733799662,5416510.7,5381649.181928225,5451372.2180717755,34861.5180717757,0.6436157888837126
CAL,4LVBQDK,10,1890815.0,1890815.0,1890815.0,0.0,0.0,1890815.0,1890815.0,1890815.0,0.0,0.0,150837.2,150483.7216983904,151190.67830160962,353.47830160961365,0.2343442477118467,7036931.8,6427216.712193967,7646646.887806033,609715.087806033,8.664501875746941,2292231.9,2255035.7843708987,2329428.015629101,37196.11562910113,1.6227029921842169,559.3,554.9807868707942,563.6192131292057,4.319213129205798,0.7722533755061323,559.3,554.9807868707942,563.6192131292057,4.319213129205798,0.7722533755061323,1906418373.2,1894193039.9006598,1918643706.4993403,12225333.29934014,0.6412723183536794,21974549.2,20885110.89183396,23063987.508166037,1089438.3081660399,4.957727679646961,2411154.7,2211390.8625496207,2610918.5374503797,199763.8374503797,8.284986336645247,1075785.1,1031020.8926951115,1120549.3073048887,44764.20730488861,4.1610733691039785,1389826540.1,1379356752.3230634,1400296327.8769364,10469787.776936507,0.7533161495234644,3573404420.2,3555090765.807714,3591718074.5922856,18313654.392285977,0.5124987893550818,349569.9,260782.23281710892,438357.5671828911,88787.66718289112,25.399116795493864,0.0,0.0,0.0,0.0,,473442792.8,471716101.68988955,475169483.9101105,1726691.1101104468,0.364709556544008,5685256.5,5638835.4697326105,5731677.5302673895,46421.030267389375,0.8165160229338707
CAL,5LVBQDK,10,1890815.0,1890815.0,1890815.0,0.0,0.0,1890815.0,1890815.0,1890815.0,0.0,0.0,150588.7,150188.99617543054,150988.40382456948,399.7038245694737,0.2654275019104844,5715215.7,5394518.869639499,6035912.530360501,320696.8303605011,5.611281309303882,2497747.3,2454301.1646045865,2541193.435395413,43446.13539541322,1.7394127658716003,601.2,598.3826277766526,604.0173722233475,2.8173722233474465,0.4686247876492759,601.3,598.5801799706901,604.0198200293098,2.7198200293098282,0.4523233043921218,2087319586.2,2078230475.7988565,2096408696.6011436,9089110.40114361,0.43544411987675,22218157.7,21503202.921784293,22933112.478215706,714954.778215707,3.2178850644115604,2400624.6,2288495.4918595864,2512753.7081404137,112129.10814041377,4.67083058885649,1086646.6,1059606.330802336,1113686.869197664,27040.269197663973,2.4884142827727036,1496324476.8,1489599272.6410012,1503049680.9589987,6725204.158998773,0.4494482489106318,3918298447.7,3905496803.7443075,3931100091.655692,12801643.95569249,0.32671436662020786,340051.0,287761.017523877,392340.982476123,52289.982476123034,15.377100045617578,0.0,0.0,0.0,0.0,,504437434.0,503053597.17495286,505821270.82504714,1383836.8250471575,0.2743326985219653,6383628.8,6329570.495264754,6437687.104735246,54058.30473524566,0.8468271954541853
CAL,6LVBQDK,10,1890815.0,1890815.0,1890815.0,0.0,0.0,1890815.0,1890815.0,1890815.0,0.0,0.0,150451.1,150122.44949563802,150779.750504362,328.65050436198874,0.21844340411069693,5062637.8,4791715.710301533,5333559.889698466,270922.0896984664,5.351401786998596,2697685.1,2643442.86338935,2751927.33661065,54242.236610650274,2.0106956371835345,637.9,634.1836613948528,641.6163386051471,3.716338605147121,0.5825895289460921,638.0,634.2448493932005,641.7551506067995,3.75515060679952,0.588581599811837,2279246558.3,2269508494.365175,2288984622.2348256,9738063.934825497,0.42724925477517156,22123579.1,21239661.57117974,23007496.628820263,883917.5288202623,3.995364063042865,2320320.1,2190529.1988985054,2450111.0011014948,129790.90110149478,5.593663611391151,1062043.8,1021450.37068258,1102637.22931742,40593.42931741999,3.8221991708270404,1588583476.4,1578370361.0035806,1598796591.7964196,10213115.396419432,0.6429070645732817,4277518723.7,4265869965.7398887,4289167481.660111,11648757.960111376,0.27232511912970303,305953.7,250529.5283077005,361377.87169229955,55424.17169229952,18.11521537157404,0.0,0.0,0.0,0.0,,537123900.3,535627852.61258554,538619947.9874144,1496047.687414394,0.27852934613015845,6680991.7,6617298.136978023,6744685.263021978,63693.56302197786,0.9533549191803046
CAL,BINH,10,2041468.8,2041125.6256635014,2041811.9743364986,343.174336498552,0.01681016807597314,2041468.8,2041125.6256635014,2041811.9743364986,343.174336498552,0.01681016807597314,0.0,0.0,0.0,0.0,,0.0,0.0,0.0,0.0,,0.0,0.0,0.0,0.0,,666.5,661.1123497780427,671.8876502219573,5.387650221957271,0.8083496206987654,666.6,661.2552630596491,671.9447369403509,5.3447369403509075,0.8017907201246486,2322667656.0,2311334895.042198,2334000416.957802,11332760.957801744,0.48792004006800294,11549095.2,11264381.492515694,11833808.907484304,284713.70748430496,2.465246866129435,1847530.9,1790027.3758354872,1905034.4241645127,57503.524164512644,3.1124526341893737,801661.0,758270.8624822757,845051.1375177243,43390.13751772434,5.4125294254958565,1650981612.0,1636810875.3243456,1665152348.6756544,14170736.675654313,0.858321896056,4657032931.4,4635843807.449233,4678222055.350766,21189123.95076648,0.4549919286140113,163025.7,149407.75811425404,176643.64188574598,13617.941885745953,8.353248528143693,0.5,-0.6310785813704958,1.6310785813704958,1.1310785813704958,226.21571627409915,770573866.4,767166375.8558398,773981356.9441601,3407490.544160136,0.4422016749775588,10299541.9,10209965.974574385,10389117.825425616,89575.92542561513,0.8697078597798135
CAL,FIBH,10,1890815.0,1890815.0,1890815.0,0.0,0.0,1890815.0,1890815.0,1890815.0,0.0,0.0,150664.0,150326.9777215237,151001.0222784763,337.022278476299,0.22369131210926235,0.0,0.0,0.0,0.0,,0.0,0.0,0.0,0.0,,1075.1,1037.2431905774552,1112.9568094225447,37.85680942254484,3.521236110365998,1075.1,1037.2431905774552,1112.9568094225447,37.85680942254484,3.521236110365998,3447774220.4,3374715826.1175394,3520832614.682461,73058394.28246048,2.1190016982604063,36965744.1,32425757.84482311,41505730.355176896,4539986.255176892,12.281603862471394,4071070.0,3288214.7415834754,4853925.258416524,782855.2584165246,19.229717455522128,1533315.8,1407404.3254395064,1659227.2745604936,125911.47456049355,8.211711805258483,2692877566.5,2606153870.9629354,2779601262.0370646,86723695.53706439,3.2204841622183857,5085574667.2,4991440954.460559,5179708379.939441,94133712.73944108,1.8509946053209543,718409.4,424326.15738763206,1012492.642612368,294083.24261236796,40.93532776886939,0.0,0.0,0.0,0.0,,695767135.8,685865415.1145976,705668856.4854023,9901720.68540236,1.4231371641342707,17961191.8,17550868.09205452,18371515.50794548,410323.70794548164,2.284501566012349
COL,1LVBQ,10,466614.9,466122.2297927739,467107.57020722615,492.67020722612796,0.10558389953388284,466614.9,466122.2297927739,467107.57020722615,492.67020722612796,0.10558389953388284,0.0,0.0,0.0,0.0,,6343243.5,5537969.59783064,7148517.40216936,805273.9021693594,12.694986439813627,0.0,0.0,0.0,0.0,,126.6,125.47143772559821,127.72856227440178,1.1285622744017882,0.8914393952620762,126.6,125.47143772559821,127.72856227440178,1.1285622744017882,0.8914393952620762,397937213.4,384346203.3449819,411528223.45501804,13591010.055018086,3.4153654389082293,5995480.0,5765931.331803675,6225028.668196325,229548.66819632484,3.828695420488849,773839.6,765429.7392400679,782249.4607599321,8409.86075993211,1.0867705348669296,288989.1,277854.0310726635,300124.16892733646,11135.068927336488,3.8531103516833296,311891936.9,307017530.7307078,316766343.0692921,4874406.169292125,1.5628509725966324,795675132.6,766433059.9816835,824917205.2183166,29242072.618316576,3.675127124152199,41383.0,39840.53073977818,42925.46926022182,1542.4692602218186,3.727301694468305,0.0,0.0,0.0,0.0,,139764324.3,136783945.10182074,142744703.4981793,2980379.198179264,2.1324320158998282,1126983.5,1120268.9733706336,1133698.0266293664,6714.526629366356,0.5957963563234383
COL,2LVBQ,10,466530.3,466088.11863279,466972.48136721,442.18136721000167,0.09478084643376897,466530.3,466088.11863279,466972.48136721,442.18136721000167,0.09478084643376897,0.0,0.0,0.0,0.0,,6044112.3,5481380.669523051,6606843.930476949,562731.6304769489,9.310409908779308,12790.8,11490.081540655208,14091.51845934479,1300.7184593447917,10.169172056046468,149.0,143.36727408980073,154.63272591019927,5.63272591019928,3.7803529598652887,149.0,143.36727408980073,154.63272591019927,5.63272591019928,3.7803529598652887,591976537.7,562861023.283076,621092052.116924,29115514.41692402,4.918356144661781,3336217.2,3263321.7359672664,3409112.664032734,72895.4640327337,2.1849735692488395,340601.4,327172.8497992465,354029.9502007535,13428.550200753507,3.9425998251191876,163953.8,155922.82017411065,171984.77982588933,8030.979825889335,4.898318810475473,370000155.5,355862972.78255725,384137338.21744275,14137182.717442736,3.8208585881101707,1218076503.2,1158895010.1452947,1277257996.2547054,59181493.05470527,4.858602304471845,19116.3,16573.06379039953,21659.53620960047,2543.236209600469,13.304019133412162,0.0,0.0,0.0,0.0,,232224923.0,220736699.6258855,243713146.3741145,11488223.374114508,4.9470243011403685,960596.4,955661.2612968951,965531.538703105,4935.1387031049,0.5137577762216161
COL,3LVBQ,10,466283.8,465894.1108912748,466673.48910872516,389.6891087251555,0.08357337499719174,466283.8,465894.1108912748,466673.48910872516,389.6891087251555,0.08357337499719174,0.0,0.0,0.0,0.0,,4060864.5,3917721.1756090345,4204007.8243909655,143143.32439096554,3.5249470744706093,564019.2,559976.6459227118,568061.7540772881,4042.5540772881577,0.7167405076437394,157.6,156.4714377255982,158.72856227440178,1.1285622744017882,0.7160928137067184,157.6,156.4714377255982,158.72856227440178,1.1285622744017882,0.7160928137067184,622075145.5,613317874.3444383,630832416.6555617,8757271.155561628,1.4077513334056886,2460958.2,2421411.0473695165,2500505.352630484,39547.15263048378,1.6069818914634055,322251.9,310475.2336934228,334028.56630657724,11776.666306577199,3.654490883242953,145293.9,138042.9943200519,152544.8056799481,7250.905679948094,4.990509360646313,391984357.5,388544473.05451643,395424241.94548357,3439884.445483588,0.8775565605276962,1274455050.9,1255640098.8934832,1293270002.906517,18814952.006516986,1.4763135030325443,15538.4,14213.474842105286,16863.325157894713,1324.9251578947135,8.526779835084138,0.0,0.0,0.0,0.0,,228686979.2,225305018.39702433,232068940.00297564,3381960.802975647,1.4788602371707078,1189731.0,1184809.4818994142,1194652.5181005858,4921.51810058582,0.41366645910595085
COL,4LVBQ,10,466451.1,466030.295466,466871.904534,420.80453400002386,0.09021407260054139,466451.1,466030.295466,466871.904534,420.80453400002386,0.09021407260054139,0.0,0.0,0.0,0.0,,3065671.6,2903379.3651693994,3227963.834830601,162292.23483060044,5.293855833436316,667031.4,654081.3334400682,679981.4665599319,12950.066559931876,1.9414478178886145,161.7,159.7035403904558,163.69645960954418,1.9964596095441887,1.2346688989141552,161.8,159.7822933258217,163.8177066741783,2.0177066741783043,1.2470374994921534,633287688.7,622998581.3033817,643576796.0966184,10289107.396618308,1.624712998564614,2241431.8,2175886.1013151966,2306977.498684803,65545.69868480318,2.9242780746129857,317114.4,300503.8425369501,333724.95746304997,16610.557463049958,5.238033171325539,142831.7,136107.42741781732,149555.9725821827,6724.272582182686,4.707829271921209,398109660.3,392829242.64550096,403390077.95449907,5280417.654499045,1.3263726508218683,1288803466.5,1266963275.9753444,1310643657.0246556,21840190.5246555,1.6946098526540159,14658.6,12428.16534256881,16889.03465743119,2230.434657431191,15.215877760708329,0.0,0.0,0.0,0.0,,227904917.3,223994699.5872307,231815135.0127693,3910217.712769302,1.715723275782651,1312525.7,1294494.5048320298,1330556.89516797,18031.19516797012,1.373778446240719
COL,5LVBQ,10,466411.8,465936.78711789334,466886.81288210663,475.0128821066381,0.10184409616279821,466411.8,465936.78711789334,466886.81288210663,475.0128821066381,0.10184409616279821,0.0,0.0,0.0,0.0,,2332328.3,2257438.63672602,2407217.9632739797,74889.66327397968,3.210940041073106,720487.4,711088.3590137353,729886.4409862647,9399.040986264743,1.3045392585997677,168.4,167.22213251685682,169.5778674831432,1.1778674831431828,0.6994462488973769,168.4,167.22213251685682,169.5778674831432,1.1778674831431828,0.6994462488973769,653259249.8,647142578.4061569,659375921.193843,6116671.393843061,0.9363313869211534,2268454.3,2210870.9755715905,2326037.624428409,57583.32442840941,2.538438813971673,329384.9,315683.1314978937,343086.66850210633,13701.768502106288,4.159804685067922,148740.8,142362.21821709236,155119.3817829076,6378.581782907624,4.288387438354254,416548778.8,415132403.66790146,417965153.93209857,1416375.1320985546,0.34002623562572176,1335021854.9,1324819013.0655515,1345224696.7344487,10202841.834448462,0.7642453040750188,16355.7,14646.443958373604,18064.9560416264,1709.2560416263968,10.45052209093097,0.0,0.0,0.0,0.0,,231337527.6,229549682.94868213,233125372.25131786,1787844.6513178628,0.7728294971705503,1483763.0,1462537.0102066004,1504988.9897933996,21225.98979339967,1.4305512264020377
COL,6LVBQ,10,466527.4,466117.5576893661,466937.24231063394,409.8423106338963,0.08784956910009922,466527.4,466117.5576893661,466937.24231063394,409.8423106338963,0.08784956910009922,0.0,0.0,0.0,0.0,,2052919.2,1976364.1793764543,2129474.220623546,76555.02062354569,3.729081038530191,751381.0,739898.2511330772,762863.7488669228,11482.74886692286,1.528219221263628,175.4,174.27143772559822,176.5285622744018,1.1285622744017882,0.6434220492598565,175.4,174.27143772559822,176.5285622744018,1.1285622744017882,0.6434220492598565,681110169.9,673659610.9459022,688560728.8540977,7450558.954097744,1.093884555444478,2281912.0,2210844.195397959,2352979.804602041,71067.8046020408,3.1143972511666003,328350.4,311308.6458085362,345392.15419146384,17041.7541914638,5.190112206796093,151900.4,143516.69932235315,160284.10067764684,8383.700677646855,5.519209085457876,435309107.4,431179022.95974505,439439191.8402549,4130084.4402549267,0.9487705104363564,1396026765.1,1378497545.6843235,1413555984.5156763,17529219.415676247,1.2556506690199882,16111.5,13517.848419621409,18705.15158037859,2593.6515803785924,16.098138474869454,0.0,0.0,0.0,0.0,,239513919.8,236804835.51549223,242223004.0845078,2709084.2845077794,1.1310759252614342,1543996.4,1518128.3365635024,1569864.4634364974,25868.06343649743,1.675396615982876
COL,1LVBQDK,10,435666.0,435666.0,435666.0,0.0,0.0,435666.0,435666.0,435666.0,0.0,0.0,30508.9,30135.045046703963,30882.75495329604,373.85495329603776,1.2253963705542898,6465185.5,5697978.249633875,7232392.750366125,767207.2503661256,11.866747680575068,0.0,0.0,0.0,0.0,,86.0,84.88155956480718,87.11844043519282,1.1184404351928239,1.300512133945144,86.0,84.88155956480718,87.11844043519282,1.1184404351928239,1.300512133945144,284230819.4,273774640.3864057,294686998.41359425,10456179.013594262,3.6787632796706715,4434182.7,4345850.381031444,4522515.018968556,88332.3189685557,1.9920766676699113,525066.8,511069.30723841884,539064.2927615813,13997.492761581176,2.6658498997805946,215617.3,205724.74006181155,225509.85993818843,9892.559938188439,4.588017723155071,215912622.3,213274099.06498536,218551145.53501466,2638523.2350146426,1.2220328792767585,524118015.2,510298090.5374428,537937939.8625572,13819924.662557214,2.6367963439080837,21366.7,18480.068227778807,24253.331772221194,2886.6317722211925,13.509956016704464,0.0,0.0,0.0,0.0,,75092519.1,73595263.31719744,76589774.88280255,1497255.782802547,1.9938814155490852,948208.3,930200.1699194366,966216.4300805635,18008.130080563446,1.8991744831345014
COL,2LVBQDK,10,435666.0,435666.0,435666.0,0.0,0.0,435666.0,435666.0,435666.0,0.0,0.0,30895.4,30402.8231978798,31387.976802120204,492.57680212020284,1.5943370279077236,5999724.5,5668079.726612847,6331369.273387153,331644.77338715235,5.527666701815264,12597.1,11832.01446853575,13362.18553146425,765.0855314642511,6.0735052628323265,90.7,89.57902053671512,91.82097946328489,1.1209794632848853,1.2359200256724203,90.7,89.57902053671512,91.82097946328489,1.1209794632848853,1.2359200256724203,325405413.0,322140083.5655662,328670742.4344338,3265329.4344337955,1.0034650021122407,3305269.0,3240521.8226805176,3370016.1773194824,64747.177319482274,1.95890795331582,359675.0,352765.7340151858,366584.2659848142,6909.265984814181,1.9209747646664852,181976.6,176026.08535611874,187927.11464388127,5950.514643881278,3.269933960674767,227169661.3,223781059.6609465,230558262.93905354,3388601.639053515,1.491661175027475,580091517.9,572111259.1692771,588071776.6307229,7980258.730722906,1.3756896083591066,18471.7,17178.509122618547,19764.890877381455,1293.1908773814534,7.00093049032549,0.0,0.0,0.0,0.0,,81406092.6,80865191.39817621,81946993.80182378,540901.2018237808,0.664448058552046,1024089.3,1014516.5972295669,1033662.0027704332,9572.702770433183,0.9347527379138891
COL,3LVBQDK,10,435666.0,435666.0,435666.0,0.0,0.0,435666.0,435666.0,435666.0,0.0,0.0,30853.0,30452.05537679234,31253.94462320766,400.9446232076605,1.29953204942035,3780857.8,3576672.82789234,3985042.77210766,204184.97210766003,5.400493298310771,533950.1,526886.6508538208,541013.5491461791,7063.449146179183,1.3228669020155972,117.2,116.32063136036517,118.07936863963484,0.87936863963483,0.7503145389375683,117.2,116.32063136036517,118.07936863963484,0.87936863963483,0.7503145389375683,429623732.7,425635933.69902843,433611531.70097154,3987799.000971567,0.9282073352675302,3443641.5,3327736.0562699726,3559546.9437300274,115905.44373002721,3.3657813605169764,375875.4,359512.8838790044,392237.91612099565,16362.516120995648,4.353175579193437,184418.9,175487.48442584425,193350.31557415574,8931.415574155752,4.843004471968845,294409617.6,291396041.71996766,297423193.4800324,3013575.8800323405,1.0235996719803968,784079285.7,777180756.0800428,790977815.3199573,6898529.619957241,0.8798255158339583,23421.3,19868.621710470547,26973.978289529452,3552.678289529454,15.168578556824148,0.0,0.0,0.0,0.0,,105436309.0,104793924.71721797,106078693.28278203,642384.2827820361,0.6092628705183867,1312202.0,1297552.429700065,1326851.570299935,14649.570299935169,1.1164112156463082
COL,4LVBQDK,10,435666.0,435666.0,435666.0,0.0,0.0,435666.0,435666.0,435666.0,0.0,0.0,30573.5,30235.001650200855,30911.998349799145,338.498349799146,1.1071625747760185,2581494.9,2496123.5441979878,2666866.255802012,85371.35580201237,3.307051112206821,620506.0,612739.595316896,628272.404683104,7766.404683103969,1.2516244295951964,126.5,125.65694380138719,127.34305619861281,0.8430561986128186,0.6664475878362202,126.5,125.65694380138719,127.34305619861281,0.8430561986128186,0.6664475878362202,468362703.5,465363426.6048542,471361980.3951458,2999276.895145765,0.6403748361542552,3350286.8,3245401.7540156213,3455171.8459843784,104885.04598437843,3.1306288758436573,373659.9,354723.428849213,392596.37115078705,18936.471150787012,5.067836059150851,179887.8,168012.5431998609,191763.05680013908,11875.25680013909,6.601479811381923,317837426.9,315153379.93548536,320521473.8645146,2684046.964514592,0.8444716503947359,868016817.2,863948755.855376,872084878.5446241,4068061.344624037,0.4686615816668807,22732.8,19671.87565671944,25793.72434328056,3060.924343280559,13.46479247290505,0.0,0.0,0.0,0.0,,113097451.7,112647354.26641138,113547549.13358863,450097.4335886274,0.39797309914864104,1437514.3,1427682.6916056687,1447345.9083943313,9831.60839433136,0.6839311716294829
COL,5LVBQDK,10,435666.0,435666.0,435666.0,0.0,0.0,435666.0,435666.0,435666.0,0.0,0.0,30825.8,30278.92548266668,31372.67451733332,546.87451733332,1.7740805342710326,1897134.6,1857769.554663886,1936499.645336114,39365.04533611395,2.074973770238229,686963.0,680484.349838512,693441.650161488,6478.650161487961,0.9430857501041483,136.5,135.59200068575873,137.40799931424127,0.9079993142412693,0.6652009628141167,136.6,135.63434177615804,137.56565822384195,0.9656582238419444,0.70692402916687,511275146.7,510214420.33504045,512335873.0649595,1060726.3649595543,0.2074668349920703,3378510.0,3293165.4456444327,3463854.5543555673,85344.55435556751,2.526100392053524,365783.4,354174.00752972456,377392.7924702755,11609.392470275474,3.173843446770814,174582.5,165435.94166925736,183729.05833074264,9146.558330742646,5.239103765121158,343312955.3,339787245.2582541,346838665.3417459,3525710.0417459183,1.0269667914701959,953894027.5,950039766.6206261,957748288.3793739,3854260.8793739546,0.4040554577614183,21176.4,19026.91534170698,23325.884658293024,2149.4846582930218,10.150378054310561,0.0,0.0,0.0,0.0,,120851660.0,120600150.63026889,121103169.36973111,251509.36973110924,0.20811412084129358,1610491.4,1596481.957894797,1624500.8421052028,14009.44210520286,0.8698861791626369
COL,6LVBQDK,10,435666.0,435666.0,435666.0,0.0,0.0,435666.0,435666.0,435666.0,0.0,0.0,30787.8,30415.954327236206,31159.645672763792,371.84567276379465,1.2077695475603798,1545139.9,1494565.0897855824,1595714.7102144174,50574.81021441763,3.2731541146803362,707512.1,695433.3337603273,719590.8662396726,12078.766239672666,1.707216913982484,143.6,142.90889957119018,144.2911004288098,0.6911004288098086,0.48126770808482494,143.6,142.90889957119018,144.2911004288098,0.6911004288098086,0.48126770808482494,544782379.6,542183706.3112767,547381052.8887234,2598673.288723367,0.4770112591804845,3533514.0,3366457.1238520215,3700570.8761479785,167056.8761479783,4.727783055280899,377372.3,354979.63114170573,399764.96885829425,22392.668858294273,5.933840098569576,176735.1,164581.3362788911,188888.8637211089,12153.763721108906,6.876825102149435,359634410.4,358653820.72272426,360615000.0772757,980589.6772757263,0.27266291792964825,1015048348.1,1008971433.988637,1021125262.2113631,6076914.111363056,0.5986822325003551,26687.9,22321.645451446297,31054.154548553706,4366.254548553706,16.36042756662647,0.0,0.0,0.0,0.0,,126563753.8,125985327.97814792,127142179.62185207,578425.8218520728,0.45702328232624917,1663541.2,1642912.6488612122,1684169.7511387877,20628.55113878785,1.2400384877024897
COL,BINH,10,466768.7,466359.63077743334,467177.7692225667,409.0692225666712,0.08763852901162208,466768.7,466359.63077743334,467177.7692225667,409.0692225666712,0.08763852901162208,0.0,0.0,0.0,0.0,,0.0,0.0,0.0,0.0,,0.0,0.0,0.0,0.0,,141.6,140.12236512888066,143.07763487111933,1.4776348711193479,1.0435274513554718,141.6,140.12236512888066,143.07763487111933,1.4776348711193479,1.0435274513554718,500298397.8,495530408.5571245,505066387.0428755,4767989.242875491,0.9530290850104919,1884030.5,1809027.3752197763,1959033.6247802237,75003.12478022366,3.9809931304309383,314365.7,302062.6636557955,326668.7363442045,12303.036344204489,3.913606460311824,144136.6,139923.15815823458,148350.04184176543,4213.441841765416,2.9232282721844527,356754512.9,353568583.22054565,359940442.5794543,3185929.6794543304,0.8930313602921014,1018610106.2,1012803255.9251372,1024416956.4748629,5806850.274862891,0.5700758552775186,14908.2,13154.275287616814,16662.12471238319,1753.9247123831867,11.764832188883881,0.0,0.0,0.0,0.0,,167928853.4,166638284.18011042,169219422.6198896,1290569.2198895775,0.7685214266398234,2233155.8,2209500.3811034136,2256811.218896586,23655.418896586372,1.0592820660603428
COL,FIBH,10,435666.0,435666.0,435666.0,0.0,0.0,435666.0,435666.0,435666.0,0.0,0.0,30974.2,30569.27473847082,31379.12526152918,404.9252615291796,1.3072985308068636,0.0,0.0,0.0,0.0,,0.0,0.0,0.0,0.0,,214.9,212.45775480679526,217.34224519320475,2.44224519320473,1.136456581295826,214.9,212.45775480679526,217.34224519320475,2.44224519320473,1.136456581295826,726572155.1,722433900.160727,730710410.039273,4138254.9392729485,0.569558702494371,5437035.4,5256643.954509319,5617426.845490682,180391.44549068154,3.317827312485064,566592.9,544774.348600554,588411.451399446,21818.551399445918,3.850833887866565,256062.7,239944.55891041033,272180.8410895897,16118.141089589688,6.294607176129005,548298963.8,543942439.4308965,552655488.1691034,4356524.369103413,0.7945527270214793,1087727907.6,1084153168.736726,1091302646.4632738,3574738.8632739,0.32864274588314335,41748.1,37854.212480967915,45641.98751903208,3893.887519032082,9.327101159171512,0.0,0.0,0.0,0.0,,150037321.1,149588254.71192962,150486387.48807037,449066.3880703778,0.2993031232349681,3771740.9,3751867.8385232473,3791613.9614767525,19873.061476752508,0.5268936017517138
FLA,1LVBQ,10,1172258.7,1172024.403157786,1172492.996842214,234.29684221388868,0.019986786382040815,1172258.7,1172024.403157786,1172492.996842214,234.29684221388868,0.019986786382040815,0.0,0.0,0.0,0.0,,7690524.2,6378049.211003922,9002999.188996078,1312474.9889960778,17.06613170785,0.0,0.0,0.0,0.0,,279.8,275.2781998810614,284.3218001189386,4.521800118938569,1.6160829588772585,280.0,275.3885519497382,284.6114480502618,4.611448050261797,1.6469457322363559,787050395.7,766357335.2417165,807743456.1582836,20693060.458283506,2.629191290842204,12535735.4,12233108.31550603,12838362.48449397,302627.08449396974,2.414115126376788,1643138.3,1613203.5390614786,1673073.0609385215,29934.76093852141,1.821804101244637,703737.3,674180.6414462712,733293.9585537289,29556.658553728852,4.199956227093384,685962065.4,675197350.34314,696726780.45686,10764715.056859922,1.5692872244448055,1611297282.6,1574602903.0129168,1647991662.187083,36694379.58708309,2.2773190263110723,101844.1,89799.25107818659,113888.94892181343,12044.84892181342,11.826751792016838,0.0,0.0,0.0,0.0,,288894448.9,285254598.9846308,292534298.8153691,3639849.9153691265,1.2599237988920482,2737298.9,2705507.3958601304,2769090.4041398694,31791.504139869387,1.1614188037656168
FLA,2LVBQ,10,1172353.3,1172134.4275298768,1172572.1724701233,218.8724701232886,0.01866949750755925,1172353.3,1172134.4275298768,1172572.1724701233,218.8724701232886,0.01866949750755925,0.0,0.0,0.0,0.0,,7847164.1,6821865.140077718,8872463.059922282,1025298.9599222825,13.065853432608634,15909.5,13793.850249536588,18025.14975046341,2115.6497504634112,13.298027910766594,302.1,291.1288616711524,313.07113832884767,10.971138328847635,3.6316247364606538,302.2,291.336410405974,313.063589594026,10.863589594025967,3.5948344123183213,1104345177.0,1051854899.9598489,1156835454.0401511,52490277.040151075,4.753067983938058,8785411.0,8566910.442994209,9003911.557005791,218500.55700579024,2.4870840647727266,889844.0,843319.0277734308,936368.9722265692,46524.97222656923,5.228441415188419,453314.4,426809.00266688387,479819.7973331162,26505.397333116136,5.8470230226783295,747267716.7,721659656.279966,772875777.1200341,25608060.420034,3.4268923770882873,2263093804.8,2156102994.0545325,2370084615.545468,106990810.74546753,4.727634820904951,63751.9,55055.651694239925,72448.14830576009,8696.248305760077,13.640767264599294,0.0,0.0,0.0,0.0,,430074898.7,409126344.7788939,451023452.6211061,20948553.921106096,4.870908296305575,2379205.1,2354111.886020673,2404298.313979327,25093.213979327134,1.0546889790765468
FLA,3LVBQ,10,1172363.8,1172257.9804671598,1172469.6195328403,105.81953284024266,0.009026168569879303,1172363.8,1172257.9804671598,1172469.6195328403,105.81953284024266,0.009026168569879303,0.0,0.0,0.0,0.0,,6813444.6,5966703.019236172,7660186.180763828,846741.5807638282,12.427511053129107,1304109.3,1285457.5401906837,1322761.0598093164,18651.759809316252,1.4302297981707708,351.2,342.015406667845,360.38459333215496,9.184593332154996,2.6152031128003976,351.2,342.015406667845,360.38459333215496,9.184593332154996,2.6152031128003976,1340175636.4,1293161798.3820684,1387189474.4179318,47013838.01793159,3.5080355694437833,6551807.0,6337044.8895022785,6766569.1104977215,214762.1104977211,3.2779065454419074,834135.4,783514.8121397803,884755.9878602198,50620.58786021976,6.068629608600686,400669.2,374493.5082101446,426844.89178985544,26175.691789855435,6.5329932497570145,864338856.9,843018511.6003081,885659202.1996919,21320345.299691875,2.4666651428999145,2725092792.3,2631326182.763598,2818859401.8364024,93766609.53640233,3.440859327849257,54444.9,44878.87655972845,64010.92344027155,9566.02344027155,17.570100120069192,0.0,0.0,0.0,0.0,,491526250.8,473757467.60869014,509295033.9913099,17768783.19130985,3.61502222157813,2808823.4,2765725.3507651207,2851921.449234879,43098.049234879276,1.5343808811504231
FLA,4LVBQ,10,1172366.9,1172266.5393663854,1172467.2606336144,100.36063361454039,0.008560514086037434,1172366.9,1172266.5393663854,1172467.2606336144,100.36063361454039,0.008560514086037434,0.0,0.0,0.0,0.0,,5386945.7,4834925.437396668,5938965.9626033325,552020.262603332,10.247370093285552,1466891.7,1429037.9328206112,1504745.4671793887,37853.76717938882,2.580542733958398,368.7,362.38168889846605,375.0183111015339,6.318311101533943,1.7136726611157969,368.8,362.4839390894636,375.1160609105364,6.31606091053643,1.7125978607745198,1414399647.7,1380412905.0960817,1448386390.3039184,33986742.60391834,2.4029094364655177,6173166.1,5915585.215547019,6430746.984452981,257580.88445298094,4.172589563935125,830910.2,775353.1700929535,886467.2299070464,55557.02990704645,6.686285702961217,389361.0,364343.201629897,414378.798370103,25017.798370102988,6.425347780107146,903224222.3,888032424.1864872,918416020.4135127,15191798.113512782,1.6819520267988262,2867900245.4,2799289192.178017,2936511298.621983,68611053.221983,2.392379349038811,54512.0,45720.09109077122,63303.90890922878,8791.908909228781,16.128391747191042,0.0,0.0,0.0,0.0,,508847506.5,496221629.67635006,521473383.32364994,12625876.82364994,2.4812692726931815,2924497.9,2872435.3120664284,2976560.4879335715,52062.587933571376,1.780223125944846
FLA,5LVBQ,10,1172384.2,1172226.1250788218,1172542.2749211781,158.0749211782621,0.013483201255890526,1172384.2,1172226.1250788218,1172542.2749211781,158.0749211782621,0.013483201255890526,0.0,0.0,0.0,0.0,,4207702.1,4094111.030293714,4321293.169706285,113591.06970628582,2.6995986647031365,1569890.8,1556049.2903112345,1583732.3096887656,13841.509688765409,0.8816861458622096,388.7,386.6473702297229,390.75262977027705,2.0526297702770395,0.5280755776375199,388.8,386.7266987135706,390.8733012864294,2.073301286429426,0.5332565037112721,1473700620.8,1465200228.3709447,1482201013.2290552,8500392.42905514,0.5768059203531238,6339236.3,6268299.016626977,6410173.583373022,70937.2833730227,1.119019389970093,885367.8,864215.820259358,906519.779740642,21151.97974064205,2.38906133029031,419151.5,398472.47846724663,439830.52153275337,20679.021532753388,4.933543487916276,952870771.3,947685856.1827497,958055686.4172502,5184915.117250247,0.5441362326789052,2994863900.1,2979316388.871284,3010411411.328716,15547511.228715824,0.5191391578160425,61819.8,56940.16341144644,66699.43658855357,4879.63658855356,7.893323156259903,0.0,0.0,0.0,0.0,,523763697.6,520934972.0242829,526592423.1757172,2828725.5757171283,0.5400766774556863,3319431.8,3295775.4623668403,3343088.1376331593,23656.337633159314,0.7126622584371011
FLA,6LVBQ,10,1172290.4,1172175.1556299469,1172405.644370053,115.244370052988,0.00983070150988083,1172290.4,1172175.1556299469,1172405.644370053,115.244370052988,0.00983070150988083,0.0,0.0,0.0,0.0,,4014675.4,3747184.276153432,4282166.523846568,267491.12384656793,6.662833160722482,1711066.7,1669244.456683361,1752888.943316639,41822.24331663899,2.444220515578907,415.5,410.59865948072786,420.40134051927214,4.901340519272148,1.1796246737117084,415.6,410.7341705810934,420.46582941890665,4.865829418906653,1.1707962990631986,1596612017.7,1575890057.9961145,1617333977.4038856,20721959.703885455,1.2978707083600987,6188843.0,5956653.862628946,6421032.137371054,232189.13737105395,3.751737398590559,850877.1,817074.7166658452,884679.4833341547,33802.38333415472,3.9726516713347584,413479.3,396008.1277233545,430950.4722766455,17471.172276645484,4.2254043374469985,1019554545.1,1008401136.2127773,1030707953.9872228,11153408.887222799,1.0939492095666985,3248899679.2,3209515111.7285094,3288284246.67149,39384567.471490584,1.2122432626540358,56100.6,48336.28206084985,63864.917939150146,7764.317939150145,13.839990907673261,0.0,0.0,0.0,0.0,,560950594.6,553714098.4095049,568187090.7904952,7236496.190495134,1.2900416293622616,3525823.4,3448110.0290994546,3603536.770900545,77713.37090054511,2.204119778107579
FLA,1LVBQDK,10,1070376.0,1070376.0,1070376.0,0.0,0.0,1070376.0,1070376.0,1070376.0,0.0,0.0,101895.9,101704.28745416547,102087.51254583451,191.61254583452467,0.18804735601189515,7194831.6,6012792.9460162595,8376870.25398374,1182038.6539837406,16.42899680909475,0.0,0.0,0.0,0.0,,206.5,203.1404448488186,209.8595551511814,3.3595551511814183,1.6269032209110985,206.5,203.1404448488186,209.8595551511814,3.3595551511814183,1.6269032209110985,597113177.3,581950909.4872414,612275445.1127585,15162267.812758543,2.5392619672737116,10900034.1,10645169.579424623,11154898.620575376,254864.5205753754,2.3381992958661977,1211601.0,1173368.2877100632,1249833.7122899368,38232.71228993687,3.1555530483993386,564704.6,542289.8065255063,587119.3934744936,22414.79347449368,3.969295358049798,504450866.2,496847251.9126011,512054480.48739886,7603614.287398861,1.50730522968004,1130420770.6,1109226065.9188833,1151615475.2811165,21194704.681116663,1.8749394236508083,74279.2,59952.09877217206,88606.30122782793,14327.101227827941,19.28817384655185,0.0,0.0,0.0,0.0,,173181024.0,171117435.40340596,175244612.59659404,2063588.5965940417,1.191578932224146,2501207.2,2466239.4659172716,2536174.934082729,34967.73408272868,1.3980342805157717
FLA,2LVBQDK,10,1070376.0,1070376.0,1070376.0,0.0,0.0,1070376.0,1070376.0,1070376.0,0.0,0.0,102114.9,101915.88346032416,102313.91653967583,199.0165396758377,0.19489471142393294,7668439.8,6571562.957044572,8765316.642955428,1096876.8429554277,14.303781102323157,15556.7,13296.491694414322,17816.90830558568,2260.208305585678,14.528841628273847,221.7,218.4645967779581,224.93540322204188,3.2354032220419047,1.4593609481470027,221.7,218.4645967779581,224.93540322204188,3.2354032220419047,1.4593609481470027,722059395.6,707046107.7762178,737072683.4237822,15013287.823782222,2.0792316969031104,9571574.9,9126798.581558632,10016351.218441369,444776.3184413688,4.646845718580427,949786.6,893868.9913145632,1005704.2086854368,55917.608685436804,5.887386565091233,482508.5,453757.50397992297,511259.49602007703,28750.996020077004,5.958650680781168,546560145.9,538434582.519137,554685709.2808629,8125563.380862954,1.4866732310829023,1335062510.1,1318351458.4908874,1351773561.7091124,16711051.60911244,1.2517055555593974,70561.6,58180.55278609268,82942.64721390733,12381.047213907328,17.54643774221011,0.0,0.0,0.0,0.0,,191775155.9,189955735.31494537,193594576.48505464,1819420.585054642,0.9487259058745691,2601428.2,2570023.764721959,2632832.6352780415,31404.435278041245,1.2071997711888125
FLA,3LVBQDK,10,1070376.0,1070376.0,1070376.0,0.0,0.0,1070376.0,1070376.0,1070376.0,0.0,0.0,101953.0,101796.0549045771,102109.9450954229,156.94509542289288,0.15393867313653634,6239984.9,5605159.814610528,6874809.985389473,634825.0853894722,10.17350355109789,1196381.8,1180602.2694126733,1212161.3305873268,15779.530587326737,1.3189376992634572,287.0,284.1385723761897,289.8614276238103,2.861427623810289,0.9970131093415642,287.0,284.1385723761897,289.8614276238103,2.861427623810289,0.9970131093415642,983896215.9,972832918.8094727,994959512.9905273,11063297.090527346,1.1244374062773896,9299793.1,8941087.539559549,9658498.66044045,358705.5604404512,3.857134847875822,973447.7,938171.0464368914,1008724.3535631085,35276.653563108484,3.6238879154071126,494405.2,474477.7123965047,514332.6876034953,19927.487603495327,4.030598303475636,704166294.1,696631550.9816304,711701037.2183696,7534743.118369584,1.0700232575033704,1829061300.3,1812898903.086104,1845223697.513896,16162397.213895954,0.8836443705437877,79638.9,70407.51790288753,88870.28209711246,9231.382097112462,11.5915489755791,0.0,0.0,0.0,0.0,,252086630.7,250733883.30757067,253439378.0924293,1352747.392429316,0.5366200455268,3111030.3,3066433.2418981213,3155627.3581018783,44597.05810187857,1.4335141030892105
FLA,4LVBQDK,10,1070376.0,1070376.0,1070376.0,0.0,0.0,1070376.0,1070376.0,1070376.0,0.0,0.0,101925.6,101796.81844822106,102054.38155177895,128.78155177894084,0.12634858345591374,4731563.3,4340590.417908827,5122536.182091173,390972.8820911728,8.263080451468815,1349870.0,1319827.2143653175,1379912.7856346825,30042.78563468241,2.2256058460949872,311.1,308.92890521242,313.27109478758007,2.1710947875800586,0.6978768201800253,311.2,308.9428754511964,313.45712454880356,2.2571245488035765,0.7252970915178588,1096011881.3,1087248150.6511457,1104775611.9488542,8763730.648854308,0.7996017924969466,9549996.3,9072242.993263647,10027749.606736355,477753.3067363536,5.002654364759844,969803.4,914247.8082278396,1025358.9917721604,55555.59177216036,5.728541658253659,483444.2,452531.7574581451,514356.64254185493,30912.442541854936,6.394211067555457,761869125.6,754939138.6338793,768799112.5661207,6929986.966120727,0.909603333861719,2050150724.4,2040980416.3082635,2059321032.4917367,9170308.091736538,0.4472992147648233,80072.8,68767.06735647189,91378.53264352812,11305.732643528114,14.119317225734724,0.0,0.0,0.0,0.0,,271917656.1,270717162.0218112,273118150.17818886,1200494.0781888552,0.4414917719603185,3269896.9,3227725.269787012,3312068.5302129877,42171.630212987875,1.2896929628878475
FLA,5LVBQDK,10,1070376.0,1070376.0,1070376.0,0.0,0.0,1070376.0,1070376.0,1070376.0,0.0,0.0,101989.5,101766.44644758686,102212.55355241314,223.05355241313555,0.2187024668354444,3662093.6,3487150.1683220067,3837037.0316779935,174943.4316779934,4.777142552500389,1475629.3,1450878.6984684523,1500379.9015315478,24750.60153154772,1.6772912771214097,337.4,335.88437345860166,338.9156265413983,1.515626541398313,0.4492076293415273,337.4,335.88437345860166,338.9156265413983,1.515626541398313,0.4492076293415273,1195383355.8,1190005872.695244,1200760838.9047558,5377483.104755835,0.4498542729965485,9664931.7,9315026.472154563,10014836.927845435,349905.2278454352,3.6203590331159323,1001632.7,959624.264156633,1043641.1358433669,42008.43584336694,4.193996046990772,499382.8,476692.1997960451,522073.4002039549,22690.600203954906,4.543728819645952,828432646.9,823106725.0173355,833758568.7826644,5325921.882664421,0.6428913566593558,2248607214.9,2238858041.902639,2258356387.8973613,9749172.997360988,0.4335649611350443,89497.1,77295.82334519096,101698.37665480905,12201.276654809048,13.633153090780647,0.0,0.0,0.0,0.0,,289615564.0,288807188.0182336,290423939.9817664,808375.9817663855,0.2791203520285897,3748905.8,3705905.156971315,3791906.4430286847,43000.64302868487,1.147018498802634
FLA,6LVBQDK,10,1070376.0,1070376.0,1070376.0,0.0,0.0,1070376.0,1070376.0,1070376.0,0.0,0.0,101921.2,101665.93175995296,102176.46824004703,255.26824004703838,0.2504564703388877,3152175.0,2996525.84158032,3307824.15841968,155649.15841968008,4.937833667854103,1588006.3,1553905.5743498672,1622107.025650133,34100.72565013281,2.1473923403284236,357.9,356.1013044814931,359.69869551850684,1.7986955185068836,0.502569298269596,357.9,356.1013044814931,359.69869551850684,1.7986955185068836,0.502569298269596,1299761593.2,1293336749.9786222,1306186436.421378,6424843.221377807,0.49430936065435715,9745448.1,9258159.528529756,10232736.671470243,487288.57147024316,5.0001658873976575,969470.9,927442.0625517129,1011499.7374482872,42028.837448287166,4.335234554052851,469764.4,444654.96861629596,494873.8313837041,25109.43138370404,5.34511158863976,873137348.6,869904104.7805511,876370592.419449,3233243.819449005,0.3703018573919935,2438904421.6,2430524893.9434137,2447283949.256586,8379527.6565862,0.34357753351765047,81860.4,70681.05918003933,93039.74081996066,11179.340819960662,13.65659197849102,0.0,0.0,0.0,0.0,,307232403.7,306182267.1433438,308282540.25665617,1050136.5566561907,0.3418052731448231,3867902.9,3808338.2148732664,3927467.5851267334,59564.68512673337,1.539973641187667
FLA,BINH,10,1172202.1,1172030.850253564,1172373.349746436,171.24974643601993,0.014609233888594801,1172202.1,1172030.850253564,1172373.349746436,171.24974643601993,0.014609233888594801,0.0,0.0,0.0,0.0,,0.0,0.0,0.0,0.0,,0.0,0.0,0.0,0.0,,378.1,372.2353336203573,383.9646663796427,5.864666379642704,1.5510887013072476,378.2,372.47913219999884,383.92086780000113,5.7208678000011295,1.5126567424646031,1288923606.6,1271422106.2426665,1306425106.9573333,17501500.357333515,1.357838452776889,5257749.0,4980852.554297284,5534645.445702716,276896.4457027155,5.266444740947419,836949.8,792640.9179586724,881258.6820413277,44308.88204132769,5.294090761635608,391828.0,370493.08360679797,413162.91639320203,21334.916393202042,5.444969831967609,913222323.3,898509808.479391,927934838.1206089,14712514.820608968,1.6110551007386842,2595138314.1,2561318931.1081815,2628957697.0918183,33819382.99181848,1.3031822931390507,54204.4,46768.18665112447,61640.61334887553,7436.213348875524,13.71883712184901,0.0,0.0,0.0,0.0,,430156026.9,425040646.7992156,435271407.00078434,5115380.100784358,1.1891917771440523,5681598.9,5579255.94642714,5783941.85357286,102342.9535728596,1.8013055017463409
FLA,FIBH,10,1070376.0,1070376.0,1070376.0,0.0,0.0,1070376.0,1070376.0,1070376.0,0.0,0.0,101971.8,101859.29811295016,102084.30188704985,112.5018870498525,0.1103264697199152,0.0,0.0,0.0,0.0,,0.0,0.0,0.0,0.0,,561.7,552.3360779880503,571.0639220119498,9.363922011949755,1.667068187991767,561.8,552.3710279084731,571.2289720915268,9.42897209152677,1.6783503188904896,1854804341.1,1831234789.2599676,1878373892.9400322,23569551.840032276,1.2707298186532305,15068465.9,14222185.13372137,15914746.66627863,846280.7662786293,5.616237060194889,1443319.1,1365921.6921263468,1520716.5078736534,77397.40787365337,5.362459893564311,655176.7,618095.5812453232,692257.8187546767,37081.1187546768,5.6597126782250955,1403671991.9,1378717472.5739973,1428626511.226003,24954519.32600286,1.7778027537775833,2760875151.9,2729114633.68007,2792635670.1199303,31760518.2199301,1.1503786470776451,133412.3,115984.90612699745,150839.69387300254,17427.393873002544,13.06280895614763,0.0,0.0,0.0,0.0,,382271386.6,379017679.5158939,385525093.6841062,3253707.0841061193,0.8511510926949717,9602201.0,9445825.270895367,9758576.729104633,156375.72910463292,1.6285404680097086
LKS,1LVBQ,10,2987733.1,2986723.605514905,2988742.5944850952,1009.4944850952811,0.03378797406954728,2987733.1,2986723.605514905,2988742.5944850952,1009.4944850952811,0.03378797406954728,0.0,0.0,0.0,0.0,,11461148.4,10199302.531907016,12722994.268092984,1261845.8680929847,11.009768166800672,0.0,0.0,0.0,0.0,,724.5,717.7282065145681,731.2717934854319,6.771793485431899,0.9346850911569218,724.6,717.8286263535892,731.3713736464108,6.771373646410729,0.9344981571088502,1746680295.0,1725250547.8117375,1768110042.1882625,21429747.18826237,1.2268843502503912,32918632.7,32696773.60409244,33140491.795907557,221859.09590755828,0.6739620625481151,5621860.7,5520491.7152915895,5723229.684708411,101368.98470841063,1.8031216018641414,2366182.5,2294641.4380484237,2437723.5619515763,71541.06195157631,3.0234803085381756,1724548078.8,1712742593.3649604,1736353564.2350395,11805485.435039463,0.6845553093106065,3587444869.4,3551485192.5957594,3623404546.204241,35959676.80424072,1.0023757329615766,516965.4,484685.1034365025,549245.6965634975,32280.29656349753,6.244188985084404,0.0,0.0,0.0,0.0,,649770081.4,645941871.6129903,653598291.1870097,3828209.7870097747,0.5891637513936441,6568857.1,6531248.853670213,6606465.346329786,37608.246329786016,0.572523435313976
LKS,2LVBQ,10,2987472.9,2986470.3517784467,2988475.448221553,1002.5482215533309,0.03355840387885463,2987472.9,2986470.3517784467,2988475.448221553,1002.5482215533309,0.03355840387885463,0.0,0.0,0.0,0.0,,14283150.3,11930956.927523183,16635343.672476819,2352193.3724768176,16.46830932302671,28615.9,23757.346609705535,33474.45339029447,4858.553390294467,16.978509815502804,766.9,745.8500498799668,787.9499501200331,21.049950120033127,2.744810290785386,767.0,745.9810010348133,788.0189989651867,21.018998965186682,2.7404170749917447,2513924985.1,2394478809.133762,2633371161.066238,119446175.96623808,4.751381869952126,25994452.7,25394147.152000267,26594758.24799973,600305.5479997308,2.3093602120722116,3245931.4,3070779.4402593914,3421083.3597406084,175151.9597406085,5.396046254723944,1491728.6,1450993.3096639276,1532463.8903360725,40735.29033607233,2.730744073424102,1861748773.7,1813491949.85769,1910005597.54231,48256823.84231002,2.5920158790493213,5139236434.9,4897616558.058849,5380856311.74115,241619876.84115013,4.701474234583481,322239.9,272911.61506020837,371568.1849397917,49328.28493979164,15.307938259598405,0.0,0.0,0.0,0.0,,974381726.6,927082534.6316569,1021680918.5683432,47299191.96834319,4.854277402490769,6087876.7,6071156.007345985,6104597.392654016,16720.692654015213,0.2746555733301105
LKS,3LVBQ,10,2986554.4,2985557.7812968427,2987551.018703157,996.6187031573097,0.03337018415460002,2986554.4,2985557.7812968427,2987551.018703157,996.6187031573097,0.03337018415460002,0.0,0.0,0.0,0.0,,13190669.2,11688791.756564505,14692546.643435493,1501877.4434354932,11.385907876724657,3267765.5,3231370.4884402184,3304160.5115597816,36395.01155978174,1.1137583636213109,929.3,916.73625617729,941.8637438227099,12.563743822709926,1.3519577986344482,929.3,916.73625617729,941.8637438227099,12.563743822709926,1.3519577986344482,3254773477.1,3168568804.3567057,3340978149.843294,86204672.74329412,2.6485613622519257,20215878.3,19734291.967723425,20697464.632276576,481586.33227657457,2.3822182006139925,3064809.7,2863035.625065627,3266583.7749343733,201774.0749343731,6.583575969965544,1405972.5,1317191.555993239,1494753.444006761,88780.9440067611,6.314557646523037,2232572491.9,2205018583.613578,2260126400.1864223,27553908.28642228,1.234177541217168,6604692268.8,6436277668.063422,6773106869.536578,168414600.7365784,2.5499235071428616,275966.3,228629.98025526953,323302.6197447304,47336.31974473045,17.152934885430014,0.0,0.0,0.0,0.0,,1186403447.9,1154468063.1041873,1218338832.695813,31935384.79581285,2.69178118559418,7304161.2,7253118.480158495,7355203.919841506,51042.71984150511,0.6988169954615064
LKS,4LVBQ,10,2988318.2,2987148.153269895,2989488.2467301055,1170.0467301054307,0.039154020816974264,2988318.2,2987148.153269895,2989488.2467301055,1170.0467301054307,0.039154020816974264,0.0,0.0,0.0,0.0,,11286311.7,10718355.989163822,11854267.410836177,567955.7108361771,5.032252572256861,3635937.0,3593906.7965572495,3677967.2034427505,42030.203442750346,1.1559662184122097,989.7,984.2410565016178,995.1589434983823,5.458943498382213,0.5515755782946562,989.7,984.2410565016178,995.1589434983823,5.458943498382213,0.5515755782946562,3522012179.1,3485889128.720952,3558135229.479048,36123050.37904764,1.0256367253187175,19396531.4,19083257.8031183,19709804.996881697,313273.59688169707,1.6151011251511551,3053419.7,2938867.1756056114,3167972.224394389,114552.52439438885,3.751614113002181,1347251.0,1293165.9900885758,1401336.0099114242,54085.00991142434,4.0144716842982,2373362689.3,2361360907.5569973,2385364471.043003,12001781.743002858,0.5056867960852063,7147546513.3,7074815761.958548,7220277264.641453,72730751.34145279,1.0175624769438993,285205.3,262420.73597878637,307989.8640212136,22784.564021213628,7.988829107037502,0.0,0.0,0.0,0.0,,1262489287.6,1249436320.6970358,1275542254.502964,13052966.902963996,1.0339071413253547,7604694.4,7558808.945723141,7650579.85427686,45885.45427685943,0.6033832770039967
LKS,5LVBQ,10,2986229.5,2985309.350584474,2987149.649415526,920.149415526078,0.03081308437700712,2986229.5,2985309.350584474,2987149.649415526,920.149415526078,0.03081308437700712,0.0,0.0,0.0,0.0,,10056151.0,9278086.851198005,10834215.148801995,778064.1488019954,7.737196356757127,4000889.1,3904023.728479887,4097754.4715201133,96865.371520113,2.42109613885856,1063.0,1054.0270934221219,1071.9729065778781,8.972906577878124,0.8441116253883466,1063.0,1054.0270934221219,1071.9729065778781,8.972906577878124,0.8441116253883466,3815320156.6,3759757413.0089173,3870882900.1910825,55562743.591082364,1.4563061895334304,19077217.0,18467661.111381255,19686772.888618745,609555.8886187465,3.1952034126295596,3024427.3,2837954.9771210793,3210899.6228789203,186472.32287892024,6.165541584647125,1363090.3,1291994.0004780223,1434186.5995219778,71096.29952197785,5.215817288258735,2542983170.4,2522211328.2058854,2563755012.594115,20771842.19411451,0.8168297154262013,7737956758.6,7626550652.775937,7849362864.424064,111406105.82406317,1.4397354404991463,261652.1,215131.37657483845,308172.8234251616,46520.72342516157,17.779610186641563,0.0,0.0,0.0,0.0,,1348916181.8,1329380505.9332447,1368451857.6667552,19535675.86675523,1.448249797158392,8510325.9,8370208.181097544,8650443.618902456,140117.71890245643,1.6464436326986778
LKS,6LVBQ,10,2987352.4,2986317.104459251,2988387.695540749,1035.2955407493068,0.034655956249062106,2987352.4,2986317.104459251,2988387.695540749,1035.2955407493068,0.034655956249062106,0.0,0.0,0.0,0.0,,9402972.2,8839662.80195375,9966281.598046249,563309.3980462503,5.990758943711972,4232383.2,4143650.914889606,4321115.485110395,88732.28511039402,2.0965087733642362,1118.2,1110.1362214460135,1126.2637785539866,8.06377855398669,0.7211392017516267,1118.2,1110.1362214460135,1126.2637785539866,8.06377855398669,0.7211392017516267,4048630198.8,4004978237.6529074,4092282159.947093,43651961.147093,1.0781908695941478,19177784.2,18637750.30926787,19717818.090732127,540033.8907321267,2.8159347560711767,2999688.7,2816961.752563255,3182415.6474367455,182726.9474367454,6.0915303456903835,1337529.5,1258780.8218186998,1416278.1781813002,78748.67818130016,5.887621781897159,2674122904.6,2655221720.558088,2693024088.641912,18901184.041912016,0.706818075167689,8223006147.8,8129437579.198282,8316574716.401718,93568568.60171837,1.1378876157930624,270350.6,227728.46316338226,312972.7368366177,42622.13683661771,15.765504806210053,0.0,0.0,0.0,0.0,,1420103976.8,1404422810.7612085,1435785142.8387914,15681166.03879146,1.1042266126264018,8942645.1,8829810.243119137,9055479.956880862,112834.85688086275,1.2617615439179484
LKS,1LVBQDK,10,2758119.0,2758119.0,2758119.0,0.0,0.0,2758119.0,2758119.0,2758119.0,0.0,0.0,228363.1,227479.72954607048,229246.47045392953,883.3704539295253,0.38682714235772997,13641821.5,11192199.608839098,16091443.391160902,2449621.891160902,17.95670681632143,0.0,0.0,0.0,0.0,,557.8,550.5219294796241,565.0780705203758,7.278070520375919,1.3047813769049694,557.9,550.790681478803,565.009318521197,7.109318521196979,1.2742997887071121,1462737508.1,1430450181.6227837,1495024834.5772161,32287326.477216277,2.207321976665205,32320360.1,31781516.190922465,32859204.009077538,538843.9090775354,1.6671964897988105,4243877.9,4043160.1968842307,4444595.60311577,200717.70311576946,4.729582420732921,1693859.8,1620429.93582754,1767289.66417246,73429.86417246009,4.335061507006666,1340728803.0,1328493445.2460945,1352964160.7539055,12235357.753905583,0.9125900574767902,2790448984.2,2742153767.793381,2838744200.6066184,48295216.40661849,1.7307328204197348,393282.2,322471.19124957424,464093.2087504258,70811.00875042575,18.005139502989394,0.0,0.0,0.0,0.0,,433615888.8,429285251.42853636,437946526.17146367,4330637.371463659,0.998726634175786,6486539.8,6409709.501920129,6563370.09807987,76830.29807987032,1.1844573601455481
LKS,2LVBQDK,10,2758119.0,2758119.0,2758119.0,0.0,0.0,2758119.0,2758119.0,2758119.0,0.0,0.0,228542.4,227159.97512058495,229924.82487941504,1382.4248794150474,0.6048877054826796,15421222.5,13597962.146384686,17244482.853615314,1823260.3536153138,11.823059771138857,30896.1,27178.978086536394,34613.2219134636,3717.121913463605,12.031039236225947,598.3,591.7086159119875,604.8913840880124,6.591384088012453,1.101685456796332,598.4,591.8332469938431,604.9667530061569,6.5667530061569135,1.0973851948791633,1793849627.2,1769586621.9592834,1818112632.4407167,24263005.240716606,1.3525662838634063,31377791.9,30292997.90976557,32462585.890234426,1084793.9902344267,3.457203087112152,3524334.2,3309905.245581569,3738763.154418431,214428.95441843115,6.08424009330418,1507851.3,1440480.8061596598,1575221.7938403403,67370.49384034019,4.467979955340437,1461023338.7,1446463640.6818535,1475583036.7181466,14559698.018146528,0.996541097769291,3342262955.2,3310744006.477327,3373781903.9226727,31518948.72267314,0.9430421587156974,400408.6,336301.0328534568,464516.16714654316,64107.56714654315,16.010537023066725,0.0,0.0,0.0,0.0,,482418229.9,478988683.0057746,485847776.79422534,3429546.894225373,0.71090739977556,6714237.8,6670708.397934671,6757767.202065329,43529.40206532935,0.6483148700114457
LKS,3LVBQDK,10,2758119.0,2758119.0,2758119.0,0.0,0.0,2758119.0,2758119.0,2758119.0,0.0,0.0,228494.6,227325.2102087737,229663.9897912263,1169.3897912263128,0.511780055732745,13754772.0,12592598.97261133,14916945.02738867,1162173.02738867,8.449235126461348,3069658.8,3039394.3968078285,3099923.203192171,30264.40319217126,0.9859207541949373,777.5,771.4840984088274,783.5159015911726,6.015901591172576,0.7737494007939004,777.6,771.5751261419608,783.6248738580392,6.024873858039162,0.7748037368877523,2554335278.4,2534615971.9289393,2574054584.871061,19719306.47106095,0.7719936626100568,30511956.5,29511299.49263197,31512613.50736803,1000657.0073680276,3.279557006998314,3476275.2,3262407.5735806925,3690142.826419308,213867.62641930772,6.152206431162519,1514231.9,1431401.7168716115,1597062.0831283883,82830.18312838834,5.470112149162116,1905882773.1,1889398946.1206157,1922366600.079384,16483826.979384128,0.8648919656570733,4760428837.6,4732843879.103104,4788013796.096897,27584958.496896382,0.5794637298013577,413941.9,332306.52724188287,495577.2727581172,81635.37275811716,19.721456745044932,0.0,0.0,0.0,0.0,,651826707.6,649216127.1860998,654437288.0139003,2610580.4139002394,0.4005022168410823,8146412.4,8101173.597567764,8191651.202432237,45238.80243223622,0.5553217810607798
LKS,4LVBQDK,10,2758119.0,2758119.0,2758119.0,0.0,0.0,2758119.0,2758119.0,2758119.0,0.0,0.0,228185.2,226773.7062646064,229596.69373539364,1411.4937353936123,0.6185737442189994,10186206.4,9071544.28060352,11300868.51939648,1114662.1193964805,10.942858171384398,3388919.7,3298273.2574782455,3479566.142521755,90646.44252175443,2.674788739365953,845.1,837.4216137187932,852.7783862812068,7.678386281206829,0.9085772430726339,845.1,837.4216137187932,852.7783862812068,7.678386281206829,0.9085772430726339,2831805611.4,2806719554.2399697,2856891668.5600305,25086057.160030454,0.8858679091192386,32531689.2,30868219.162156966,34195159.23784303,1663470.0378430327,5.113383530797512,3670627.6,3326260.880673972,4014994.319326028,344366.7193260282,9.381685010106397,1545947.9,1422511.2085101344,1669384.5914898654,123436.69148986552,7.984531140400368,2066105313.5,2044003214.058751,2088207412.941249,22102099.44124881,1.0697469919288705,5304550893.5,5272538399.186783,5336563387.813217,32012494.31321678,0.6034911334801916,480272.0,380064.84288660524,580479.1571133947,100207.15711339476,20.864667753563555,0.0,0.0,0.0,0.0,,700954848.8,697626199.5517178,704283498.0482821,3328649.248282141,0.4748735605411139,8538230.2,8481731.211709838,8594729.18829016,56498.98829016178,0.6617177912368981
LKS,5LVBQDK,10,2758119.0,2758119.0,2758119.0,0.0,0.0,2758119.0,2758119.0,2758119.0,0.0,0.0,228854.0,227870.5180568348,229837.4819431652,983.4819431652269,0.42974208148654897,8709669.0,8120777.686440779,9298560.313559221,588891.3135592209,6.7613512472083706,3777617.2,3684010.3345825584,3871224.065417442,93606.865417442,2.4779341172377656,913.3,907.537046405026,919.0629535949739,5.762953594973936,0.6310033499369251,913.5,907.5889795341584,919.4110204658416,5.911020465841616,0.6470739426208665,3137998738.7,3119109331.741061,3156888145.6589384,18889406.958938695,0.6019571240096846,32019434.3,30616847.71049164,33422020.889508363,1402586.589508363,4.380422765646309,3554539.0,3297811.427767845,3811266.572232155,256727.57223215525,7.222527934906756,1527623.5,1440834.079245965,1614412.920754035,86789.4207540349,5.681335797337165,2231092289.1,2213012303.4524593,2249172274.7475405,18079985.647540476,0.8103647588165777,5882450820.9,5856530374.357923,5908371267.442077,25920446.542077143,0.4406402591583653,440004.3,354137.3144377367,525871.2855622632,85866.98556226327,19.515033276325543,0.0,0.0,0.0,0.0,,753382004.3,750495215.384524,756268793.2154759,2886788.91547595,0.38317731230628366,9545229.5,9437796.740655001,9652662.259344999,107432.75934499955,1.1255125855800485
LKS,6LVBQDK,10,2758119.0,2758119.0,2758119.0,0.0,0.0,2758119.0,2758119.0,2758119.0,0.0,0.0,228815.0,227777.69307396692,229852.30692603308,1037.3069260330694,0.45333869109676794,7384504.2,6944285.854623541,7824722.545376459,440218.34537645854,5.961379849664905,3925619.5,3830377.5147231845,4020861.4852768155,95241.98527681545,2.4261644633876376,970.6,963.8707425330806,977.3292574669194,6.729257466919372,0.6933090322397869,970.7,963.9382898458625,977.4617101541376,6.761710154137498,0.6965808338454206,3348072178.4,3330875935.1080556,3365268421.6919446,17196243.29194468,0.5136162655896666,33529647.2,32060971.88758016,34998322.512419835,1468675.312419839,4.380228946816473,3756485.1,3506429.326153006,4006540.8738469942,250055.77384699418,6.656642238431723,1583304.0,1509543.271350574,1657064.728649426,73760.72864942608,4.6586586435344115,2369810991.4,2350718028.267589,2388903954.532411,19092963.132411014,0.8056745116677668,6282907461.2,6258748600.152269,6307066322.24773,24158861.047730666,0.384517219088827,500174.8,409490.556266071,590859.043733929,90684.243733929,18.130510320377795,0.0,0.0,0.0,0.0,,789071689.3,786372750.397458,791770628.202542,2698938.902542052,0.34203975876213866,9914913.3,9764358.956220243,10065467.643779758,150554.3437797567,1.5184635429919158
LKS,BINH,10,2986033.7,2985577.397479287,2986490.0025207135,456.3025207134618,0.015281224746842669,2986033.7,2985577.397479287,2986490.0025207135,456.3025207134618,0.015281224746842669,0.0,0.0,0.0,0.0,,0.0,0.0,0.0,0.0,,0.0,0.0,0.0,0.0,,1019.7,1003.0286196275829,1036.3713803724172,16.671380372417154,1.6349299178598757,1019.8,1003.0885930640363,1036.5114069359636,16.71140693596361,1.63869454167127,3394451754.2,3356239282.9000783,3432664225.4999213,38212471.29992151,1.1257332278368877,17039696.1,16195834.100464597,17883558.099535406,843861.999535404,4.952330103677165,2829578.4,2658009.6403668765,3001147.1596331233,171568.75963312338,6.063403637556867,1262344.1,1175913.546326222,1348774.6536737783,86430.55367377827,6.846829931219093,2453339378.8,2412521345.2932425,2494157412.306758,40818033.50675774,1.6637744398299692,6808211700.5,6736818278.381821,6879605122.618179,71393422.11817946,1.0486369293266287,226138.9,180149.87343776657,272127.9265622334,45989.026562233434,20.33662786996551,4.0,3.24594761241967,4.75405238758033,0.7540523875803304,18.851309689508263,1126907704.8,1115931229.7574925,1137884179.8425074,10976475.04250744,0.9740349627350813,15301828.0,15031836.548794761,15571819.451205239,269991.4512052396,1.764439197756239
LKS,FIBH,10,2758119.0,2758119.0,2758119.0,0.0,0.0,2758119.0,2758119.0,2758119.0,0.0,0.0,228073.0,226847.3846267568,229298.6153732432,1225.6153732432006,0.5373785468877073,0.0,0.0,0.0,0.0,,0.0,0.0,0.0,0.0,,1568.6,1541.4536951323473,1595.7463048676525,27.14630486765266,1.7306072209392236,1568.6,1541.4536951323473,1595.7463048676525,27.14630486765266,1.7306072209392236,5022221138.8,4973271587.309359,5071170690.290642,48949551.490641564,0.9746594213558958,51162691.6,48554643.56281156,53770739.63718844,2608048.037188441,5.0975583098298936,5942885.9,5514004.842103993,6371766.957896008,428881.0578960078,7.216713649104515,2276299.8,2130889.8607533365,2421709.739246663,145409.9392466635,6.387995959348743,3907964347.2,3844947482.561889,3970981211.8381104,63016864.638110794,1.6125240416602435,7410844399.1,7349258600.915682,7472430197.284319,61585798.18431825,0.831022686049075,875372.8,718632.6522847966,1032112.9477152035,156740.14771520352,17.905530959518448,0.0,0.0,0.0,0.0,,1017928329.2,1011370770.0163429,1024485888.3836572,6557559.183657188,0.6442063744125127,25620523.3,25192818.83194462,26048227.768055383,427704.46805538255,1.6693822489386179
CTR,1LVBQ,10,15089239.9,15087569.461939862,15090910.338060139,1670.4380601390158,0.011070392353819066,15089239.9,15087569.461939862,15090910.338060139,1670.4380601390158,0.011070392353819066,0.0,0.0,0.0,0.0,,14168074.9,12017874.137760844,16318275.662239157,2150200.762239157,15.176379129949103,0.0,0.0,0.0,0.0,,4146.1,4077.24510685244,4214.95489314756,68.85489314756023,1.6607147234162278,4146.8,4077.8787867774836,4215.721213222517,68.92121322251671,1.6620336939933613,7505906142.3,7468721259.219091,7543091025.380909,37184883.080908574,0.49540831414545483,224743234.4,221578296.47346476,227908172.32653525,3164937.9265352464,1.4082461414176597,64970821.9,61613969.957549475,68327673.84245051,3356851.942450522,5.166706906705334,18832168.8,18023054.863108654,19641282.736891348,809113.9368913458,4.296445860719694,9561046155.9,9422832012.656569,9699260299.14343,138214143.24343157,1.4455964440475102,15515868362.0,15457140904.520742,15574595819.479258,58727457.4792583,0.3784993279724391,20537501.9,19536724.266903345,21538279.533096652,1000777.6330966549,4.872927768769458,0.0,0.0,0.0,0.0,,2870210876.6,2864082086.4995856,2876339666.700414,6128790.100414096,0.21353100395446034,28088601.8,27589352.135997828,28587851.464002173,499249.66400217375,1.7774101664333246
CTR,2LVBQ,10,15089193.6,15087320.93676598,15091066.26323402,1872.6632340192195,0.012410625005296636,15089193.6,15087320.93676598,15091066.26323402,1872.6632340192195,0.012410625005296636,0.0,0.0,0.0,0.0,,23994036.4,22019095.611285735,25968977.188714262,1974940.7887142627,8.230965210648188,47449.3,43618.07116882393,51280.528831176074,3831.228831176073,8.074363228068849,4191.7,4081.96164436691,4301.4383556330895,109.7383556330896,2.617991641412544,4192.4,4082.7496852499035,4302.050314750096,109.65031475009641,2.6154545069672843,10167647247.1,10066259796.138664,10269034698.061337,101387450.96133529,0.9971574396451731,200638336.7,197491020.58349833,203785652.81650165,3147316.116501663,1.5686514193982863,48638700.4,45412221.59364474,51865179.20635526,3226478.80635526,6.633562944365306,13366469.4,12148544.69524395,14584394.104756052,1217924.704756051,9.111790618067408,9968231863.3,9764800488.138582,10171663238.461416,203431375.16141763,2.0407969833686366,20809399831.5,20604264347.55611,21014535315.44389,205135483.94388798,0.9857827981822254,18484238.8,17453638.76857793,19514838.831422072,1030600.03142207,5.575561117626711,0.0,0.0,0.0,0.0,,3915171893.5,3874911644.767261,3955432142.232739,40260248.7327392,1.0283136942104534,27665021.3,27188596.409309436,28141446.190690566,476424.89069056354,1.72212009354413
CTR,3LVBQ,10,15088330.9,15086773.29172803,15089888.50827197,1557.6082719689862,0.010323264264896166,15088330.9,15086773.29172803,15089888.50827197,1557.6082719689862,0.010323264264896166,0.0,0.0,0.0,0.0,,23983940.7,20957760.586223856,27010120.813776143,3026180.113776143,12.617526667651171,15499371.5,15445004.285610668,15553738.714389332,54367.214389330926,0.3507704450424388,4908.2,4814.164013557527,5002.2359864424725,94.03598644247229,1.9158955715429749,4909.2,4815.164013557527,5003.2359864424725,94.03598644247229,1.9155053051917277,13809925967.6,13638778677.235151,13981073257.96485,171147290.36484975,1.2393063566480007,182936201.9,177023671.6013949,188848732.19860512,5912530.298605127,3.2320176308444104,47625427.2,43932610.92142408,51318243.47857592,3692816.278575919,7.753875389018912,13620030.7,12637608.36726133,14602453.032738669,982422.3327386699,7.213069884920817,11840063137.0,11672191448.669958,12007934825.330042,167871688.3300415,1.417827644900349,28087876152.7,27751580359.276386,28424171946.123615,336295793.4236127,1.1972987619118565,17934884.7,16680152.162099555,19189617.237900443,1254732.5379004434,6.996044629717879,0.0,0.0,0.0,0.0,,5017748547.7,4954302780.761712,5081194314.638288,63445766.93828745,1.2644269902159462,32222734.8,31459128.99380952,32986340.60619048,763605.8061904791,2.369773425285054
CTR,4LVBQ,10,15089993.2,15087860.853790736,15092125.546209263,2132.346209264213,0.014130862625333807,15089993.2,15087860.853790736,15092125.546209263,2132.346209264213,0.014130862625333807,0.0,0.0,0.0,0.0,,23011266.0,20606470.056391697,25416061.943608303,2404795.9436083036,10.450515602263271,16151944.2,16032954.601222526,16270933.798777472,118989.59877747326,0.7366890159109964,5113.9,4989.199043794795,5238.600956205204,124.70095620520465,2.4384707601870326,5114.8,4990.08885335241,5239.51114664759,124.71114664759014,2.438240921396538,15487003523.3,15342904220.496613,15631102826.103386,144099302.8033873,0.9304530898220029,176340102.7,171429563.43017212,181250641.96982786,4910539.269827863,2.7846979754695718,46815702.5,43307739.63686144,50323665.36313856,3507962.8631385593,7.4931330212091956,12685615.5,11323701.03857268,14047529.96142732,1361914.461427319,10.73589579809761,12443433677.2,12204427658.074541,12682439696.32546,239006019.12546024,1.920740089316255,31505367654.4,31223886411.31476,31786848897.485245,281481243.0852436,0.8934390043403675,17747539.7,16566837.450059146,18928241.949940853,1180702.2499408533,6.652765791197826,0.0,0.0,0.0,0.0,,5541142206.1,5488310623.605925,5593973788.594076,52831582.49407534,0.9534420978388783,32021253.5,31391590.225316122,32650916.774683878,629663.274683876,1.9663917113172225
CTR,5LVBQ,10,15088888.1,15087554.95071366,15090221.249286339,1333.1492863384462,0.008835305010568978,15088888.1,15087554.95071366,15090221.249286339,1333.1492863384462,0.008835305010568978,0.0,0.0,0.0,0.0,,20717039.6,19510860.77936983,21923218.420630172,1206178.8206301695,5.822158203675825,16748169.1,16642528.137552986,16853810.062447015,105640.96244701448,0.6307612600293991,5521.8,5462.1337256875095,5581.466274312491,59.66627431249052,1.0805584105271926,5522.8,5463.1337256875095,5582.466274312491,59.66627431249052,1.0803627564367806,16908821192.3,16830474894.960447,16987167489.639551,78346297.33955246,0.4633457084236604,178005588.1,174845524.60449928,181165651.5955007,3160063.4955007266,1.775260838286417,47812944.4,45775519.35041651,49850369.449583486,2037425.0495834898,4.261241542747344,13609162.3,12967093.323690288,14251231.276309714,642068.9763097132,4.717916960323952,13451457332.5,13332755668.443592,13570158996.556408,118701664.05640821,0.8824446386906623,34409578053.7,34257207879.692657,34561948227.70734,152370174.00733918,0.4428132590569651,18184996.0,17421547.578146882,18948444.421853118,763448.4218531175,4.198232553106514,0.0,0.0,0.0,0.0,,5980083145.8,5951625694.260103,6008540597.339897,28457451.539897263,0.4758704995579171,35635315.1,35180317.45205336,36090312.74794664,454997.64794664166,1.2768166821868276
CTR,6LVBQ,10,15089424.3,15087787.126779482,15091061.47322052,1637.1732205194894,0.010849805718031864,15089424.3,15087787.126779482,15091061.47322052,1637.1732205194894,0.010849805718031864,0.0,0.0,0.0,0.0,,19957159.2,18393368.06297087,21520950.33702913,1563791.1370291319,7.8357401539851015,17369236.7,17175716.751866125,17562756.648133874,193519.94813387317,1.114153439649269,5838.0,5731.320906502913,5944.679093497087,106.67909349708674,1.8273226018685635,5839.0,5732.38381854857,5945.61618145143,106.61618145143018,1.8259322050253497,18377217764.6,18266299320.058365,18488136209.141632,110918444.54163417,0.6035649463505632,180203608.3,175914118.38853073,184493098.2114693,4289489.911469284,2.3803573923604304,49286562.5,46080470.34782108,52492654.65217892,3206092.1521789227,6.505002559630574,13765306.5,12630829.152171489,14899783.847828511,1134477.347828511,8.241569832306391,14239990357.0,14034125574.24483,14445855139.75517,205864782.7551717,1.4456806331612018,37387183302.1,37167958672.081764,37606407932.11823,219224630.01823568,0.5863630545442081,18518581.5,17522466.321848467,19514696.678151533,996115.1781515337,5.379003668026807,0.0,0.0,0.0,0.0,,6437404872.0,6398119544.769982,6476690199.230018,39285327.23001787,0.6102665283784231,36313740.1,35671822.688199826,36955657.51180018,641917.4118001752,1.7676984249831516
CTR,1LVBQDK,10,14081816.0,14081816.0,14081816.0,0.0,0.0,14081816.0,14081816.0,14081816.0,0.0,0.0,1007280.0,1005551.5308264042,1009008.4691735958,1728.4691735957922,0.171597686204014,13922456.1,12249765.718283406,15595146.481716594,1672690.3817165934,12.014334034902028,0.0,0.0,0.0,0.0,,3948.0,3856.231483652474,4039.768516347526,91.76851634752633,2.3244305052564926,3948.8,3856.931906474938,4040.6680935250624,91.86809352506242,2.3264812987505676,6639895256.7,6616942266.725857,6662848246.674143,22952989.974143367,0.3456830128605207,281242492.4,276646204.10547507,285838780.6945249,4596288.294524882,1.6342794630008344,77489639.9,72459298.29615068,82519981.50384933,5030341.603849316,6.4916311526817605,19084324.8,17826913.980355382,20341735.61964462,1257410.8196446174,6.588710016319872,9057004860.9,8881132736.6526,9232876985.1474,175872124.24739945,1.9418353743703625,13016364801.0,12987218192.583282,13045511409.416718,29146608.416716892,0.22392279920179914,26514422.7,25493932.242416736,27534913.157583263,1020490.4575832637,3.848812659923626,0.0,0.0,0.0,0.0,,2083438198.8,2080540518.9279335,2086335878.6720665,2897679.8720664,0.1390816331262132,34966770.7,34695437.91544502,35238103.48455498,271332.78455498046,0.7759732429479982
CTR,2LVBQDK,10,14081816.0,14081816.0,14081816.0,0.0,0.0,14081816.0,14081816.0,14081816.0,0.0,0.0,1008069.9,1005929.4148922474,1010210.3851077526,2140.4851077525577,0.21233498865034636,25993182.9,24434258.023165792,27552107.776834205,1558924.8768342058,5.99743741592418,51403.6,48343.076488262464,54464.12351173753,3060.5235117375337,5.953908893029931,4167.9,4079.491449470356,4256.308550529643,88.4085505296435,2.121177344217556,4168.5,4080.177157904272,4256.8228420957275,88.32284209572778,2.1188159312877,8399872376.6,8380267876.588961,8419476876.61104,19604500.011039663,0.23339045085557522,305439828.5,300302030.495663,310577626.504337,5137798.004336994,1.682098248145459,67556598.4,63989910.72110748,71123286.07889253,3566687.678892524,5.279554867126826,16234909.3,15164515.511578284,17305303.088421717,1070393.7884217172,6.593161493188737,9720789221.7,9547591505.644766,9893986937.755236,173197716.05523542,1.7817248384380264,16031298158.3,16007609618.284565,16054986698.315434,23688540.015434723,0.1477643281381445,25344397.3,24492766.4136101,26196028.1863899,851630.8863899001,3.3602333340548607,0.0,0.0,0.0,0.0,,2338041253.2,2335137921.0411572,2340944585.3588424,2903332.1588424137,0.1241779696944491,33948424.8,33680743.9825245,34216105.617475495,267680.8174754962,0.7884926003267645
CTR,3LVBQDK,10,14081816.0,14081816.0,14081816.0,0.0,0.0,14081816.0,14081816.0,14081816.0,0.0,0.0,1007766.5,1005869.8750253523,1009663.1249746477,1896.6249746476121,0.18820083567449525,24266419.4,21758167.71124184,26774671.088758156,2508251.6887581567,10.336307336541612,14514778.0,14466984.654764714,14562571.345235286,47793.345235285735,0.3292736908224551,5221.1,5072.019266096386,5370.180733903615,149.0807339036143,2.855351054444739,5222.0,5072.913335433043,5371.086664566957,149.08666456695667,2.8549725118145663,11974059873.7,11932422210.835808,12015697536.564194,41637662.86419351,0.3477322086525313,317141270.6,310011059.8767265,324271481.32327354,7130210.7232735315,2.2482758897269584,70943355.4,67220473.42275912,74666237.3772409,3722881.9772408837,5.247682402742517,17102697.6,16074672.752567763,18130722.44743224,1028024.8474322383,6.010892968324706,12401890263.9,12078741188.312998,12725039339.487001,323149075.58700234,2.6056437261635814,22758714360.9,22708192214.141468,22809236507.658535,50522146.758534946,0.2219903372280693,26380037.3,25475859.05527434,27284215.54472566,904178.2447256608,3.4275093489942137,0.0,0.0,0.0,0.0,,3165925275.0,3160516361.445036,3171334188.554964,5408913.554963997,0.17084779598798322,38647584.4,38177517.303011194,39117651.4969888,470067.0969888028,1.216291016079139
CTR,4LVBQDK,10,14081816.0,14081816.0,14081816.0,0.0,0.0,14081816.0,14081816.0,14081816.0,0.0,0.0,1008369.6,1006777.8602003463,1009961.3397996536,1591.739799653626,0.1578528150445656,19669738.8,17855601.498500064,21483876.101499937,1814137.301499936,9.222986232536732,15026808.6,14937373.152743176,15116244.047256824,89435.44725682307,0.5951725987700613,5557.5,5368.430554755897,5746.569445244103,189.06944524410287,3.402059293641077,5558.5,5369.430554755897,5747.569445244103,189.06944524410287,3.401447247352755,13526302613.9,13495362168.628225,13557243059.171774,30940445.271773763,0.22874281431481883,335586592.0,325515985.9862202,345657198.0137798,10070606.013779838,3.000896416558811,75295594.5,68907312.2984399,81683876.7015601,6388282.201560091,8.48427088461343,18409839.9,16508939.464810433,20310740.335189566,1900900.4351895656,10.325458806350433,13182475514.6,12823032408.609356,13541918620.590645,359443105.9906447,2.7266737995648107,25691111072.5,25648915326.125668,25733306818.874332,42195746.3743307,0.16424259058027824,27401119.2,26183975.183228705,28618263.216771293,1217144.0167712953,4.4419500090029,0.0,0.0,0.0,0.0,,3423834248.5,3418930908.934855,3428737588.065145,4903339.565144953,0.14321194337293439,38644382.5,37898642.994390436,39390122.005609564,745739.5056095647,1.9297487949498604
CTR,5LVBQDK,10,14081816.0,14081816.0,14081816.0,0.0,0.0,14081816.0,14081816.0,14081816.0,0.0,0.0,1008874.6,1007109.5824649826,1010639.6175350173,1765.0175350173722,0.17494914977712514,19186144.8,17223920.54340455,21148369.056595452,1962224.2565954505,10.227298277220603,15799121.6,15596902.357558947,16001340.842441052,202219.2424410529,1.2799397812157665,5840.9,5649.536582702836,6032.263417297163,191.36341729716324,3.2762659401318848,5841.7,5650.270453353743,6033.129546646257,191.4295466462568,3.276949289526282,14994720297.7,14950055575.35072,15039385020.049282,44664722.349281535,0.2978696598704314,345003619.4,334721934.68160033,355285304.1183996,10281684.718399644,2.980167204124017,75141939.1,69247774.69332205,81036103.50667794,5894164.406677944,7.8440408609017975,17861533.5,16148823.364527129,19574243.63547287,1712710.1354728707,9.588819098163496,13964691416.2,13599424118.58741,14329958713.812592,365267297.61259073,2.6156489014061246,28406699933.0,28347672303.967674,28465727562.032326,59027629.032326594,0.20779474268939746,27166609.3,25955723.53897043,28377495.061029572,1210885.7610295704,4.457257612305597,0.0,0.0,0.0,0.0,,3665589947.3,3658590213.653715,3672589680.9462852,6999733.646284929,0.19095790164529428,42392887.1,41682924.63563346,43102849.56436654,709962.4643665405,1.6747207206997246
CTR,6LVBQDK,10,14081816.0,14081816.0,14081816.0,0.0,0.0,14081816.0,14081816.0,14081816.0,0.0,0.0,1007521.5,1006210.5165133242,1008832.4834866758,1310.9834866757299,0.13011965369232617,17599353.5,16150597.1965279,19048109.8034721,1448756.3034721005,8.231872287082027,16395141.9,16184597.633264774,16605686.166735226,210544.26673522542,1.2841869135345845,6152.4,5975.074452228032,6329.725547771967,177.32554777196776,2.8822174724004905,6153.3,5975.93314124149,6330.66685875851,177.3668587585102,2.88246727379634,16378644099.7,16340504066.45398,16416784132.946022,38140033.24602153,0.2328644118148957,358395291.6,348133264.97232544,368657318.2276746,10262026.627674578,2.8633262959067785,75214419.1,69272074.78515369,81156763.4148463,5942344.314846307,7.900538734395819,18102159.4,16492255.299926976,19712063.500073023,1609904.100073023,8.893436769057637,14763260491.5,14421382838.481924,15105138144.518076,341877653.01807547,2.315732715106617,30986462737.7,30933669786.253696,31039255689.146305,52792951.446305044,0.17037424340169668,27519676.3,26420568.29398092,28618784.306019083,1099108.0060190812,3.9938987437111724,0.0,0.0,0.0,0.0,,3893997620.7,3887613751.736864,3900381489.6631355,6383868.963135726,0.16394126512044804,43295790.6,42452091.11063114,44139490.089368865,843699.4893688599,1.9486871071684735
CTR,BINH,10,15088535.6,15086835.491533764,15090235.708466236,1700.1084662361436,0.011267551148145507,15088535.6,15086835.491533764,15090235.708466236,1700.1084662361436,0.011267551148145507,0.0,0.0,0.0,0.0,,0.0,0.0,0.0,0.0,,0.0,0.0,0.0,0.0,,6502.8,6359.12193123881,6646.47806876119,143.6780687611903,2.2094800510732346,6503.9,6360.158764853651,6647.641235146349,143.74123514634903,2.210077571093483,19476373521.1,19314584778.767426,19638162263.43257,161788742.33257166,0.8306923368320883,201456212.7,194711365.1274998,208201060.2725002,6744847.572500201,3.3480464474651574,47754527.6,44903410.39762893,50605644.80237107,2851117.20237107,5.970359975607988,13514380.0,12736550.612782178,14292209.387217822,777829.3872178216,5.755568418364894,16018912314.7,15714363788.539503,16323460840.860498,304548526.16049695,1.9011810551021202,38853904388.5,38540438840.72668,39167369936.27332,313465547.7733217,0.8067800461929931,18253047.0,17321650.385978095,19184443.614021905,931396.6140219052,5.102691150808439,15.2,13.90267921872878,16.49732078127122,1.2973207812712195,8.535005139942234,6357909181.6,6311358850.429946,6404459512.770055,46550331.170054756,0.7321641413937298,89082804.5,88266184.97387041,89899424.02612959,816619.5261295935,0.916697145664732
CTR,FIBH,10,14081816.0,14081816.0,14081816.0,0.0,0.0,14081816.0,14081816.0,14081816.0,0.0,0.0,1009166.3,1007470.7319914785,1010861.8680085216,1695.56800852156,0.16801670928979295,0.0,0.0,0.0,0.0,,0.0,0.0,0.0,0.0,,11538.9,11284.477662451536,11793.322337548463,254.4223375484632,2.2049098055140712,11540.3,11286.04788064495,11794.552119355048,254.25211935504973,2.2031673297492245,29062997469.8,28876889493.711666,29249105445.888332,186107976.08833182,0.6403605694206894,562380956.9,546735146.6714289,578026767.128571,15645810.228571054,2.7820661486859555,127783230.3,120474970.15848589,135091490.4415141,7308260.141514105,5.719263884905956,33804821.7,31895270.427814685,35714372.97218532,1909551.272185318,5.648754160372683,28051728068.3,27493653066.013462,28609803070.586536,558075002.2865387,1.9894496372121695,42259534477.5,42012012850.920135,42507056104.079865,247521626.57986468,0.5857178259066039,41860524.2,40603308.27305932,43117740.12694068,1257215.9269406796,3.0033449197482325,0.2,-0.1016209550321322,0.5016209550321322,0.3016209550321322,150.8104775160661,5670043328.0,5644309257.674467,5695777398.325533,25734070.32553316,0.4538602059432651,147061820.1,145077772.1633174,149045868.03668258,1984047.9366825877,1.3491251062535896
E,1LVBQ,10,3853735.1,3853481.8720865855,3853988.3279134147,253.2279134143687,0.00657097353199935,3853735.1,3853481.8720865855,3853988.3279134147,253.2279134143687,0.00657097353199935,0.0,0.0,0.0,0.0,,11379401.0,9334737.01837954,13424064.98162046,2044663.9816204598,17.968116086430737,0.0,0.0,0.0,0.0,,925.3,914.1204263204351,936.4795736795649,11.179573679564902,1.2082107078315034,925.4,914.2247502709661,936.5752497290339,11.175249729033965,1.2076128948599487,2177840678.1,2147612957.9167557,2208068398.283244,30227720.183244042,1.3879674710463865,42532009.2,42176112.92481449,42887905.47518551,355896.27518551174,0.8367727786194302,7416083.3,7007490.674909696,7824675.925090304,408592.62509030337,5.509547406112649,3072113.5,2979549.265407529,3164677.734592471,92564.23459247063,3.0130473562409277,2196458216.0,2173893704.4004416,2219022727.5995584,22564511.599558577,1.0273134920203997,4477600469.2,4432974604.2937155,4522226334.106284,44625864.90628424,0.9966468695287014,904041.4,714540.7554881707,1093542.0445118295,189500.6445118294,20.961500713554642,0.0,0.0,0.0,0.0,,818520021.1,814259763.7029096,822780278.4970905,4260257.397090494,0.5204829799233476,8153399.9,8092340.013035411,8214459.78696459,61059.886964588986,0.7488886564313985
E,2LVBQ,10,3853547.9,3853122.235663974,3853973.5643360256,425.66433602574864,0.011046037238196745,3853547.9,3853122.235663974,3853973.5643360256,425.66433602574864,0.011046037238196745,0.0,0.0,0.0,0.0,,13794635.9,12103402.77063587,15485869.029364131,1691233.1293641303,12.26007805950232,27681.6,24126.825504566703,31236.374495433294,3554.774495433295,12.841651116385236,926.1,915.5300788942475,936.6699211057526,10.569921105752524,1.141336908082553,926.1,915.5300788942475,936.6699211057526,10.569921105752524,1.141336908082553,2997403802.8,2912374528.702317,3082433076.897683,85029274.09768309,2.836764069567593,34770062.4,34041496.17743274,35498628.62256726,728566.2225672578,2.095383707356412,4761674.4,4396300.610197979,5127048.189802022,365373.7898020217,7.673220785571178,2019434.5,1948830.6001261019,2090038.3998738981,70603.89987389823,3.4962213369088344,2272156787.0,2242328618.2702866,2301984955.7297134,29828168.729713604,1.3127689471243167,6137045674.6,5964590893.912748,6309500455.287252,172454780.68725178,2.810061873924248,657211.3,507107.40246160387,807315.1975383962,150103.89753839618,22.839518665974882,0.0,0.0,0.0,0.0,,1160360741.6,1126381780.4432821,1194339702.7567177,33978961.15671778,2.9283101313704236,7472802.2,7363688.002674949,7581916.397325051,109114.19732505125,1.4601510170448677
E,3LVBQ,10,3853593.4,3853143.1540375766,3854043.645962423,450.24596242304955,0.011683795244798,3853593.4,3853143.1540375766,3854043.645962423,450.24596242304955,0.011683795244798,0.0,0.0,0.0,0.0,,10658024.3,9426756.662290184,11889291.937709818,1231267.6377098174,11.552494187030678,4048314.5,4024057.408911422,4072571.591088578,24257.09108857833,0.5991898872624232,1079.6,1070.3758709743854,1088.8241290256144,9.224129025614392,0.8544024662480912,1079.7,1070.5200509028327,1088.8799490971674,9.179949097167349,0.8502314621809158,3749946084.8,3680982276.4715085,3818909893.128492,68963808.32849155,1.8390613296556149,29315052.4,28524995.49558124,30105109.304418758,790056.9044187606,2.695055405798151,4996687.0,4717585.5749109,5275788.4250891,279101.4250891005,5.585729606219091,1994349.8,1920913.6744821232,2067785.9255178769,73436.12551787688,3.682208884212633,2667125357.6,2645341907.934357,2688908807.2656426,21783449.66564254,0.8167388759426094,7625607548.2,7486208175.957578,7765006920.442422,139399372.24242204,1.8280428328012608,791953.7,675481.343244651,908426.0567553489,116472.35675534897,14.706965414183806,0.0,0.0,0.0,0.0,,1367469709.5,1341296667.120455,1393642751.879545,26173042.379545026,1.9139760243109811,8503872.7,8344427.53550581,8663317.864494188,159445.16449418903,1.8749712056977175
E,4LVBQ,10,3853770.7,3853207.023970667,3854334.3760293336,563.6760293331838,0.014626610486534233,3853770.7,3853207.023970667,3854334.3760293336,563.6760293331838,0.014626610486534233,0.0,0.0,0.0,0.0,,9512843.9,8749405.00724082,10276282.79275918,763438.8927591792,8.025348684205563,4326568.4,4284496.159660895,4368640.640339105,42072.240339104814,0.9724159298881028,1156.9,1151.825389897181,1161.9746101028193,5.07461010281917,0.43863861205109944,1157.1,1151.8491741881942,1162.3508258118056,5.250825811805634,0.4537918772626078,4144786324.8,4098309822.4443245,4191262827.155676,46476502.355675876,1.1213244474772417,28399592.5,27828683.48276617,28970501.51723383,570909.017233829,2.0102718629988408,4895209.4,4658899.037153621,5131519.76284638,236310.36284637882,4.827380067671442,1952247.5,1869619.2055254735,2034875.7944745265,82628.29447452651,4.23247024132578,2851625558.8,2839646521.916523,2863604595.6834774,11979036.883477427,0.4200774834027773,8432193760.9,8339702443.404772,8524685078.395227,92491317.49522793,1.0968832087814355,760735.5,672083.844363614,849387.155636386,88651.65563638601,11.653413786577072,0.0,0.0,0.0,0.0,,1487199522.7,1470429332.1974154,1503969713.2025847,16770190.502584664,1.127635549004111,8620877.1,8520481.15652855,8721273.04347145,100395.94347144954,1.1645676223762609
E,5LVBQ,10,3854051.6,3853570.1113395086,3854533.0886604916,481.48866049148506,0.012493051740445951,3854051.6,3853570.1113395086,3854533.0886604916,481.48866049148506,0.012493051740445951,0.0,0.0,0.0,0.0,,8523951.0,7930906.833734722,9116995.166265279,593044.1662652784,6.957385914880064,4595314.0,4536388.467455737,4654239.532544263,58925.53254426316,1.28229610738816,1245.8,1240.903882626451,1250.696117373549,4.8961173735491235,0.39300990315854256,1245.9,1240.8704083969908,1250.9295916030094,5.029591603009325,0.4036914361513223,4490311442.4,4450177112.032036,4530445772.767963,40134330.36796347,0.8937983675028188,28272860.0,27620031.5801487,28925688.4198513,652828.4198512986,2.3090285873141188,4966036.8,4734452.653309634,5197620.946690366,231584.14669036565,4.66335945578103,1994219.5,1928427.5949258697,2060011.4050741303,65791.9050741303,3.2991305658243895,3067653634.0,3056907831.954715,3078399436.045285,10745802.045284998,0.3502938508502097,9132275785.9,9051559181.804962,9212992389.995037,80716604.09503826,0.8838607811172615,777636.2,675769.6682989743,879502.7317010256,101866.53170102571,13.099509989507396,0.0,0.0,0.0,0.0,,1591670583.3,1577234607.696189,1606106558.903811,14435975.603810908,0.9069700574525225,9753644.2,9574748.12987293,9932540.27012707,178896.07012706922,1.834145950567576
E,6LVBQ,10,3853666.4,3853095.095334892,3854237.7046651077,571.3046651075416,0.014824964223876297,3853666.4,3853095.095334892,3854237.7046651077,571.3046651075416,0.014824964223876297,0.0,0.0,0.0,0.0,,8899273.8,7995548.801208395,9802998.798791608,903724.9987916064,10.155042075361322,4969215.4,4834718.571502971,5103712.228497029,134496.8284970293,2.706600895123791,1333.9,1325.161772320326,1342.6382276796742,8.738227679674095,0.6550886632936572,1333.9,1325.161772320326,1342.6382276796742,8.738227679674095,0.6550886632936572,4921208044.1,4853176046.6872015,4989240041.512799,68031997.41279879,1.382424738055158,27490697.8,26431445.68646778,28549949.91353222,1059252.1135322175,3.8531292338902268,4630757.6,4271302.390342424,4990212.809657576,359455.2096575755,7.762341299349712,1924424.4,1840106.9722071823,2008741.8277928175,84317.42779281749,4.381436225440578,3271242626.6,3252514508.2302823,3289970744.9697175,18728118.369717494,0.5725077747957436,9996539938.1,9859761516.367538,10133318359.832462,136778421.73246133,1.3682576429385849,644009.0,501342.74913803913,786675.2508619609,142666.25086196087,22.152834954474372,0.0,0.0,0.0,0.0,,1726453982.4,1702170024.250193,1750737940.549807,24283958.14980687,1.406580099867414,10341268.1,10100511.605135882,10582024.594864117,240756.49486411788,2.328113849636273
E,1LVBQDK,10,3598623.0,3598623.0,3598623.0,0.0,0.0,3598623.0,3598623.0,3598623.0,0.0,0.0,254867.3,254454.12964968747,255280.4703503125,413.170350312521,0.1621119501452407,10441151.1,8857855.400184343,12024446.799815657,1583295.6998156572,15.163995661509555,0.0,0.0,0.0,0.0,,741.8,735.4390865098775,748.1609134901224,6.360913490122458,0.8574971003130841,741.8,735.4390865098775,748.1609134901224,6.360913490122458,0.8574971003130841,1788103998.2,1767963129.910953,1808244866.489047,20140868.289046977,1.1263812568688307,44924292.0,43891855.64896046,45956728.35103954,1032436.3510395392,2.298169442580284,6398922.9,5986902.438656546,6810943.361343455,412020.4613434538,6.438903355804674,2426628.6,2372682.9324123915,2480574.2675876087,53945.66758760876,2.223070625130222,1767578458.6,1753733865.1777666,1781423052.0222332,13844593.42223337,0.7832519883275166,3459750895.8,3429735038.3662434,3489766753.233757,30015857.433756895,0.8675727917346578,1007966.3,796150.016253506,1219782.5837464943,211816.28374649413,21.01422277178256,0.0,0.0,0.0,0.0,,545237279.9,542435048.5727123,548039511.2272877,2802231.3272877205,0.513947125516008,8587246.9,8513630.386182694,8660863.413817307,73616.51381730751,0.8572772469987734
E,2LVBQDK,10,3598623.0,3598623.0,3598623.0,0.0,0.0,3598623.0,3598623.0,3598623.0,0.0,0.0,255174.9,254897.30127946017,255452.49872053982,277.59872053984014,0.10878762783480671,11989355.0,10096900.385435425,13881809.614564575,1892454.6145645755,15.784457250323939,23986.9,20074.341488121347,27899.458511878656,3912.5585118786544,16.311230346058284,800.6,791.5062407516101,809.6937592483899,9.093759248389878,1.135868005044951,800.7,791.6071786876911,809.792821312309,9.092821312308956,1.135609006158231,2213373892.0,2188480954.865613,2238266829.134387,24892937.13438685,1.124660285564932,47231348.4,45349085.312168576,49113611.48783142,1882263.0878314255,3.9851987114376466,6034082.0,5562962.488564416,6505201.511435584,471119.51143558417,7.807641849010076,2228265.1,2155337.0288336175,2301193.1711663827,72928.0711663824,3.2728633216210405,1935876303.5,1918586408.646452,1953166198.353548,17289894.85354794,0.8931301458821714,4178322837.6,4146414255.4680004,4210231419.7319994,31908582.131999265,0.7636696198977133,1178500.5,956289.4132475402,1400711.5867524596,222211.08675245973,18.85540878026439,0.0,0.0,0.0,0.0,,606976379.3,603530662.9995968,610422095.6004031,3445716.3004030827,0.5676854022518769,8642874.9,8561225.222152375,8724524.577847626,81649.67784762547,0.9447050754792883
E,3LVBQDK,10,3598623.0,3598623.0,3598623.0,0.0,0.0,3598623.0,3598623.0,3598623.0,0.0,0.0,255273.5,254800.50099256024,255746.49900743976,472.9990074397703,0.1852910730803512,10096174.3,9187858.296886364,11004490.303113637,908316.0031136373,8.996635518798811,3791369.8,3773299.9986097035,3809439.601390296,18069.801390296194,0.4766035059491215,992.2,984.0172286125868,1000.3827713874133,8.182771387413233,0.8247098757723476,992.3,984.0670047775228,1000.5329952224771,8.232995222477134,0.8296881207777018,3089950679.3,3074151574.637189,3105749783.9628115,15799104.662811086,0.5113060466838981,47039396.8,45504975.34071185,48573818.25928815,1534421.4592881468,3.2619922100874965,6242279.4,5856171.572280725,6628387.227719275,386107.82771927473,6.185366001388447,2238957.9,2170425.198559135,2307490.6014408646,68532.70144086466,3.0609196108986536,2435121691.6,2421804321.977094,2448439061.2229056,13317369.622905904,0.5468872323237246,5839272466.8,5816271320.240803,5862273613.359198,23001146.559197403,0.39390432095733907,1363459.0,1177151.5279284623,1549766.4720715377,186307.47207153784,13.664325225147058,0.0,0.0,0.0,0.0,,812258365.4,810224782.9900852,814291947.8099147,2033582.4099147564,0.2503615224588435,9905568.7,9812772.482655546,9998364.917344453,92796.21734445446,0.936808578637736
E,4LVBQDK,10,3598623.0,3598623.0,3598623.0,0.0,0.0,3598623.0,3598623.0,3598623.0,0.0,0.0,255422.1,255116.12890871687,255728.07109128314,305.9710912831361,0.11979037494529099,9541236.6,8755287.450969253,10327185.749030747,785949.1490307468,8.237392929033401,4104978.0,4059933.4395960653,4150022.5604039347,45044.56040393472,1.0973155131144363,1065.3,1057.2274122291212,1073.3725877708787,8.072587770878652,0.7577760040250308,1065.4,1057.2982343176807,1073.5017656823195,8.101765682319412,0.7604435594442849,3512170411.2,3496349736.389097,3527991086.0109024,15820674.810902646,0.4504529381732708,47509869.9,45881883.40532053,49137856.394679464,1627986.494679463,3.4266279787886,5752815.5,5371109.7641837895,6134521.2358162105,381705.7358162105,6.6351117260098205,2189126.9,2121689.310065629,2256564.489934371,67437.5899343711,3.0805701549038162,2638134528.3,2624106699.7884884,2652162356.811512,14027828.51151189,0.5317328726428272,6627741982.6,6605753846.283806,6649730118.916195,21988136.316194963,0.33175908739237353,1111883.7,911133.7204317887,1312633.6795682113,200749.97956821127,18.054944016915734,0.0,0.0,0.0,0.0,,882677505.1,880352382.166331,885002628.033669,2325122.933668925,0.2634170373930066,10277828.4,10163094.074948294,10392562.725051707,114734.32505170566,1.1163284751057494
E,5LVBQDK,10,3598623.0,3598623.0,3598623.0,0.0,0.0,3598623.0,3598623.0,3598623.0,0.0,0.0,255219.9,254843.12944877372,255596.67055122627,376.770551226286,0.14762585175618592,7770607.8,7262461.891816106,8278753.708183894,508145.90818389435,6.539332845802543,4352793.0,4294811.139305487,4410774.860694513,57981.86069451276,1.3320610627363343,1165.1,1160.0478490032117,1170.1521509967881,5.052150996788215,0.43362380883943136,1165.2,1160.0879919456452,1170.312008054355,5.112008054354848,0.4387236572566811,3854986095.1,3841837675.7199764,3868134514.4800234,13148419.380023383,0.3410756629378272,49504157.5,47969372.83503304,51038942.16496696,1534784.664966965,3.100314685624061,6003615.0,5687504.61264955,6319725.38735045,316110.3873504501,5.265334092050375,2252666.7,2196458.513898323,2308874.8861016775,56208.18610167755,2.495184312072334,2867176512.4,2853497278.5936,2880855746.2064004,13679233.806400437,0.47709772130318173,7276836432.8,7262012981.38558,7291659884.21442,14823451.414419776,0.20370736035241582,1232327.5,1074660.0392332296,1389994.9607667704,157667.46076677038,12.79428242628444,0.0,0.0,0.0,0.0,,940593455.1,938752428.4356443,942434481.7643558,1841026.6643557637,0.19573032901446602,11497928.3,11401073.847099641,11594782.75290036,96854.45290035853,0.8423643840287169
E,6LVBQDK,10,3598623.0,3598623.0,3598623.0,0.0,0.0,3598623.0,3598623.0,3598623.0,0.0,0.0,255314.9,254931.80361955566,255697.99638044433,383.0963804443256,0.15004857939913635,7009608.1,6410448.956903228,7608767.243096772,599159.1430967721,8.547683901140953,4616461.0,4508359.839799149,4724562.160200851,108101.16020085113,2.3416456935486107,1234.7,1227.7803623490254,1241.6196376509747,6.919637650974609,0.5604306836457932,1234.8,1227.8169700361684,1241.7830299638315,6.983029963831574,0.5655191094777757,4206703553.8,4187886063.910124,4225521043.6898766,18817489.8898764,0.44732151075580734,50403522.1,48182581.23008862,52624462.96991138,2220940.869911383,4.406320783506086,6042502.6,5590397.2356525315,6494607.964347468,452105.3643474679,7.482088039936762,2258392.7,2173839.5375207844,2342945.862479216,84553.16247921555,3.7439530547196482,3032492723.1,3012433499.025784,3052551947.174216,20059224.074215855,0.6614764125043007,7932145520.8,7904159929.409447,7960131112.190554,27985591.390553106,0.35281237991875125,1260448.3,1032037.3617335466,1488859.2382664536,228410.93826645348,18.121404762611323,0.0,0.0,0.0,0.0,,999274721.4,996231341.9058212,1002318100.8941787,3043379.4941787776,0.3045588394265547,11751527.5,11607656.815186126,11895398.184813874,143870.68481387335,1.224272204731456
E,BINH,10,3853650.4,3853280.303099117,3854020.496900883,370.09690088329756,0.00960380061676839,3853650.4,3853280.303099117,3854020.496900883,370.09690088329756,0.00960380061676839,0.0,0.0,0.0,0.0,,0.0,0.0,0.0,0.0,,0.0,0.0,0.0,0.0,,1387.2,1365.9127391672225,1408.4872608327776,21.28726083277748,1.5345487912901874,1387.4,1366.1090000149454,1408.6909999850548,21.290999985054775,1.5345970870012091,4580025341.6,4523761443.436953,4636289239.763048,56263898.163048126,1.22846259499937,27416900.5,25939336.65929643,28894464.34070357,1477563.840703568,5.3892446401939855,4635738.6,4352097.328699555,4919379.871300444,283641.2713004441,6.118577766667951,1956151.9,1893964.7939943296,2018339.0060056702,62187.10600567032,3.1790530175938954,3358191378.5,3304407854.982455,3411974902.017545,53783523.51754545,1.6015621939202547,9167360845.7,9056352823.36245,9278368868.037552,111008022.33755195,1.2109049071589764,654976.6,524385.7241790437,785567.4758209563,130590.87582095637,19.938250591083158,0.0,0.0,0.0,0.0,,1510420494.5,1494196363.186161,1526644625.813839,16224131.31383901,1.0741466613381556,20596482.3,20317569.958780993,20875394.64121901,278912.3412190066,1.354174645730677
E,FIBH,10,3598623.0,3598623.0,3598623.0,0.0,0.0,3598623.0,3598623.0,3598623.0,0.0,0.0,254943.8,254560.5605166116,255327.0394833884,383.23948338840773,0.1503231235230697,0.0,0.0,0.0,0.0,,0.0,0.0,0.0,0.0,,2175.8,2137.1151282196347,2214.4848717803657,38.68487178036555,1.7779608318947304,2176.0,2137.4399697431554,2214.5600302568446,38.56003025684479,1.7720602140094113,6778526832.9,6705798921.559981,6851254744.240018,72727911.34001797,1.0729161827172913,81316933.0,77734332.43353319,84899533.56646681,3582600.566466812,4.405725147635379,10406550.2,9654490.972075611,11158609.427924387,752059.2279243888,7.226787104956155,3601735.4,3443265.6315893093,3760205.1684106905,158469.7684106905,4.399817055153205,5414831395.2,5322094964.075397,5507567826.324603,92736431.12460306,1.7126374647012954,9952271646.3,9855444314.75819,10049098977.841808,96827331.54180911,0.9729168875510652,2399347.4,2051042.3025700795,2747652.4974299204,348305.09742992057,14.516659714634095,0.0,0.0,0.0,0.0,,1354403895.3,1344366096.7605107,1364441693.8394892,10037798.53948935,0.741122982171133,34146040.7,33870300.420172185,34421780.97982782,275740.27982781647,0.807532218011491
W,1LVBQ,10,6714789.6,6714001.969400039,6715577.23059996,787.6305999605123,0.011729788226879251,6714789.6,6714001.969400039,6715577.23059996,787.6305999605123,0.011729788226879251,0.0,0.0,0.0,0.0,,20322493.3,17554818.88292051,23090167.71707949,2767674.4170794906,13.618773918254856,0.0,0.0,0.0,0.0,,1741.2,1716.9720257239767,1765.4279742760234,24.22797427602344,1.3914526921676682,1741.4,1717.1476307316927,1765.6523692683074,24.25236926830742,1.3926937675610094,3822675595.6,3788658566.4943056,3856692624.705694,34017029.105694495,0.8898748600286404,79653621.5,78373791.1722199,80933451.8277801,1279830.3277800977,1.6067446823872253,16266917.6,15129006.918540929,17404828.28145907,1137910.6814590718,6.9952446397040315,6278591.1,6091651.522350026,6465530.677649973,186939.5776499737,2.9774128410747074,4084538873.0,4033170009.463543,4135907736.536457,51368863.53645719,1.2576416857241939,7860668672.1,7810002297.578835,7911335046.621166,50666374.52116553,0.6445555287299733,2652337.2,2128089.873837555,3176584.5261624455,524247.32616244524,19.765485556001146,0.0,0.0,0.0,0.0,,1437721305.4,1431491132.831295,1443951477.9687052,6230172.5687051695,0.4333365962725177,14357888.7,14244924.389480427,14470853.010519572,112964.31051957195,0.7867752207855738
W,2LVBQ,10,6714295.9,6713694.538285309,6714897.261714691,601.3617146906871,0.008956437482755073,6714295.9,6713694.538285309,6714897.261714691,601.3617146906871,0.008956437482755073,0.0,0.0,0.0,0.0,,25740244.0,23769065.072756246,27711422.927243754,1971178.927243753,7.657965197391886,25445.4,23464.855021692973,27425.94497830703,1980.5449783070296,7.783508918338991,1675.0,1664.595169938329,1685.404830061671,10.404830061670859,0.6211838842788573,1675.0,1664.595169938329,1685.404830061671,10.404830061670859,0.6211838842788573,5276268442.1,5177400256.14358,5375136628.05642,98868185.95642038,1.8738278205774912,70127669.7,69727548.49365932,70527790.90634069,400121.20634067827,0.5705611038444048,9862225.2,9444794.626630139,10279655.77336986,417430.5733698603,4.232620579074389,3736189.6,3596976.9111783346,3875402.2888216656,139212.6888216653,3.7260606052130036,4099938788.3,4082151955.6084466,4117725620.991554,17786832.691553496,0.4338316645680613,10788845106.0,10590474527.047508,10987215684.952492,198370578.95249262,1.8386637031443969,1766777.3,1616115.9425084954,1917438.6574915047,150661.35749150455,8.527467354912503,0.0,0.0,0.0,0.0,,2046944031.4,2007842040.5939195,2086046022.2060807,39101990.806080565,1.9102618443034272,13702242.8,13593261.155868245,13811224.444131756,108981.64413175469,0.7953562473127004
W,3LVBQ,10,6713339.3,6712164.411507263,6714514.188492737,1174.8884927368083,0.01750080608523404,6713339.3,6712164.411507263,6714514.188492737,1174.8884927368083,0.01750080608523404,0.0,0.0,0.0,0.0,,25288557.3,22823533.873051155,27753580.726948846,2465023.426948845,9.747584244154746,7085778.8,7049948.617846838,7121608.982153161,35830.18215316198,0.5056632893079018,2023.2,2003.967081207161,2042.432918792839,19.23291879283898,0.9506187620027174,2023.7,2004.653496436312,2042.746503563688,19.046503563688084,0.9411722865883324,6897462300.8,6759879505.052216,7035045096.547785,137582795.74778444,1.9946871725826893,51863726.1,50260394.15464877,53467058.04535123,1603331.9453512304,3.0914322319607312,8914023.2,8256296.88628719,9571749.513712808,657726.3137128095,7.378557346729921,3629749.8,3458569.572143672,3800930.0278563276,171180.22785632798,4.71603381192632,4893300687.7,4849482480.816354,4937118894.583646,43818206.88364641,0.8954734172332726,13991927298.8,13717821434.676,14266033162.923998,274105864.1239986,1.9590286475223964,1399911.4,1110859.949734117,1688962.850265883,289051.4502658829,20.647838875080446,0.0,0.0,0.0,0.0,,2518959955.1,2467559474.2996345,2570360435.9003654,51400480.80036543,2.0405437846003744,15401756.6,15268720.068400182,15534793.131599817,133036.5315998184,0.863775055371401
W,4LVBQ,10,6714261.5,6713515.114717387,6715007.885282613,746.3852826136698,0.01111641663962105,6714261.5,6713515.114717387,6715007.885282613,746.3852826136698,0.01111641663962105,0.0,0.0,0.0,0.0,,21856585.5,19826599.295022946,23886571.704977054,2029986.2049770544,9.287755422625617,7677210.2,7580145.368718273,7774275.031281727,97064.83128172717,1.2643242630210538,2163.2,2152.66051614982,2173.7394838501796,10.539483850179716,0.4872172637841955,2163.5,2152.7762721313734,2174.2237278686266,10.723727868626398,0.49566572075925114,7534426543.9,7413802573.695136,7655050514.104863,120623970.20486316,1.6009708171157682,50838542.2,49144242.70283434,52532841.69716567,1694299.4971656646,3.3327066903300473,9148345.2,8347368.999130292,9949321.400869707,800976.200869707,8.755421700415361,3536797.5,3317897.8695338126,3755697.1304661874,218899.63046618723,6.189204512449107,5220131849.3,5197757177.633599,5242506520.966401,22374671.666401174,0.42862273046611904,15290386373.7,15053964815.958792,15526807931.44121,236421557.74120829,1.546210487838696,1537340.4,1204535.194627265,1870145.6053727348,332805.2053727348,21.648114195966933,0.0,0.0,0.0,0.0,,2705768129.3,2661421913.9576287,2750114344.6423717,44346215.34237155,1.6389510565284175,15842917.2,15675450.525441766,16010383.874558233,167466.67455823382,1.057044434709498
W,5LVBQ,10,6713983.6,6712973.274743173,6714993.925256826,1010.3252568264966,0.015048074541416764,6713983.6,6712973.274743173,6714993.925256826,1010.3252568264966,0.015048074541416764,0.0,0.0,0.0,0.0,,20338769.9,18818667.31548377,21858872.484516226,1520102.5845162286,7.473916033221993,8435873.7,8289891.762411973,8581855.637588024,145981.93758802555,1.7304898434885954,2292.0,2264.801799706902,2319.198200293098,27.19820029309828,1.1866579534510595,2292.2,2265.0922623895735,2319.307737610426,27.107737610426085,1.182607870623248,8209658692.9,8109994312.938648,8309323072.861351,99664379.96135148,1.213989322693095,49361465.5,47555416.67602529,51167514.32397471,1806048.8239747146,3.658823346674573,8893053.2,8171314.469471852,9614791.930528145,721738.7305281468,8.115758607270527,3524630.9,3305991.5385916317,3743270.261408368,218639.36140836804,6.203184606035431,5595605790.3,5559641884.220078,5631569696.379922,35963906.07992208,0.6427169358904021,16658319585.7,16458941272.150673,16857697899.249329,199378313.54932714,1.1968693031947797,1427115.7,1114265.6154773217,1739965.7845226782,312850.0845226784,21.921844495346694,0.0,0.0,0.0,0.0,,2909948245.0,2873753159.4899383,2946143330.5100617,36195085.51006193,1.243839493443016,17916127.8,17632120.073328294,18200135.526671708,284007.7266717083,1.585207081809878
W,6LVBQ,10,6714414.4,6713408.326632057,6715420.473367943,1006.073367943432,0.014983784258883871,6714414.4,6713408.326632057,6715420.473367943,1006.073367943432,0.014983784258883871,0.0,0.0,0.0,0.0,,17608638.7,16548327.647632672,18668949.75236733,1060311.0523673282,6.021539032244032,8748341.5,8599957.060712352,8896725.939287648,148384.4392876476,1.6961436552019329,2390.5,2378.039868956226,2402.960131043774,12.460131043773929,0.5212353500846655,2390.8,2378.3784888168716,2403.2215111831288,12.42151118312842,0.5195545918992981,8671648913.8,8594206068.080124,8749091759.519875,77442845.71987616,0.893057900402704,50813797.8,49536524.477320544,52091071.12267945,1277273.3226794498,2.5136348353782165,9537315.9,9048630.75223056,10026001.04776944,488685.14776943997,5.123927453943724,3741439.0,3661345.4988637874,3821532.5011362126,80093.50113621246,2.140713803865637,5870262121.8,5842568849.422751,5897955394.177249,27693272.377248377,0.47175529478327244,17603834919.3,17455217404.560314,17752452434.039684,148617514.73968372,0.844233744641326,1620686.1,1402250.3085464058,1839121.8914535944,218435.79145359446,13.477982655222034,0.0,0.0,0.0,0.0,,3045639885.0,3018778658.830444,3072501111.169556,26861226.16955629,0.8819567376251473,18627055.6,18377747.529927306,18876363.670072697,249308.07007269672,1.3384191008303894
W,1LVBQDK,10,6262104.0,6262104.0,6262104.0,0.0,0.0,6262104.0,6262104.0,6262104.0,0.0,0.0,452055.7,451008.4447964133,453102.9552035867,1047.2552035866927,0.23166508100366676,21024551.1,18553090.26289382,23496011.937106185,2471460.8371061813,11.755118220365624,0.0,0.0,0.0,0.0,,1368.0,1351.2200046009434,1384.7799953990566,16.779995399056688,1.2266078508082374,1368.1,1351.2508516786302,1384.9491483213696,16.8491483213697,1.2315728617330386,3150974344.4,3118420421.56794,3183528267.23206,32553922.832059745,1.0331383018054554,82676500.6,80783553.78384233,84569447.41615766,1892946.8161576623,2.2895826533781265,13191514.8,12348106.998811701,14034922.6011883,843407.8011882994,6.39356293780832,4725995.4,4579524.865059309,4872465.934940692,146470.53494069146,3.099252592177543,3236522216.5,3202959190.0498595,3270085242.9501405,33563026.45014056,1.0370089931419002,6061637894.3,6013829559.391743,6109446229.208258,47808334.90825773,0.788703247239724,2432510.8,2041676.3659831546,2823345.234016845,390834.4340168453,16.067120196006748,0.0,0.0,0.0,0.0,,952847643.0,948372588.9340622,957322697.0659378,4475054.0659377705,0.46965053634894394,14763332.8,14607665.730677385,14918999.869322617,155667.06932261592,1.0544168544558985
W,2LVBQDK,10,6262104.0,6262104.0,6262104.0,0.0,0.0,6262104.0,6262104.0,6262104.0,0.0,0.0,452278.7,451133.13513270806,453424.26486729196,1145.564867291921,0.25328737950558383,26782486.4,23801561.6059158,29763411.194084197,2980924.7940842006,11.130127164310633,26535.5,23616.50569981728,29454.49430018272,2918.994300182721,11.000336530997046,1425.6,1398.4599795326972,1452.7400204673027,27.14002046730276,1.903761256123931,1425.7,1398.564484248236,1452.835515751764,27.135515751763965,1.9033117592595892,3868245074.3,3829110591.179494,3907379557.4205065,39134483.12050641,1.0116857223062117,87172080.3,83812804.17059842,90531356.42940158,3359276.129401585,3.8536147328832135,11405550.7,10299409.274415076,12511692.125584923,1106141.425584923,9.69827283819731,4024775.8,3803575.328242996,4245976.271757004,221200.47175700427,5.495970030355586,3437548493.5,3383428681.216162,3491668305.783838,54119812.283837914,1.5743723291808718,7256810408.8,7211102828.581761,7302517989.018239,45707580.218239255,0.6298577149378435,2420012.8,1912941.5483164252,2927084.0516835744,507071.25168357475,20.953246680495855,0.0,0.0,0.0,0.0,,1060506672.2,1055199476.4608177,1065813867.9391824,5307195.73918235,0.5004396368551531,15535529.8,15376589.94470178,15694469.655298222,158939.8552982209,1.0230732864882464
W,3LVBQDK,10,6262104.0,6262104.0,6262104.0,0.0,0.0,6262104.0,6262104.0,6262104.0,0.0,0.0,451906.8,450807.3742520497,453006.22574795026,1099.4257479502724,0.24328594921569502,23498775.7,20690865.424933486,26306685.975066513,2807910.2750665145,11.949176888677288,6622913.6,6579965.663590015,6665861.536409984,42947.93640998464,0.6484749613823234,1798.4,1767.2873196706817,1829.5126803293185,31.11268032931848,1.7300200361053424,1798.7,1767.578457389977,1829.821542610023,31.121542610023045,1.730224195809365,5474511473.7,5427932345.280984,5521090602.119016,46579128.41901594,0.8508362553039824,84345506.6,79561254.84317231,89129758.35682768,4784251.756827684,5.672207032339627,11904551.7,10471993.84779755,13337109.552202448,1432557.85220245,12.033698439920673,4178324.6,3936754.8501676964,4419894.349832304,241569.7498323039,5.781497919819439,4403061495.7,4340007001.64614,4466115989.7538595,63054494.05385952,1.4320602634198525,10270703696.4,10212124901.324682,10329282491.475317,58578795.07531762,0.5703484085111925,2785463.9,2129257.329024851,3441670.470975149,656206.570975149,23.558250780961444,0.0,0.0,0.0,0.0,,1423964796.7,1418227249.5020316,1429702343.8979685,5737547.19796855,0.4029276012486517,17372471.9,17258800.67797822,17486143.122021776,113671.22202177836,0.6543180652476885
W,4LVBQDK,10,6262104.0,6262104.0,6262104.0,0.0,0.0,6262104.0,6262104.0,6262104.0,0.0,0.0,452208.8,451307.90828112134,453109.69171887863,900.8917188786373,0.19922029798593865,19745937.5,17764690.73419346,21727184.26580654,1981246.7658065401,10.033693086522431,7181791.9,7077040.59204386,7286543.207956141,104751.30795614059,1.4585678534648239,1929.0,1904.5031600733128,1953.4968399266872,24.496839926687297,1.2699243093150492,1929.2,1904.8362884691812,1953.5637115308189,24.363711530818833,1.262891951628594,6178643515.4,6139840713.721618,6217446317.078382,38802801.67838146,0.6280148965006181,89665560.0,85780748.1135477,93550371.8864523,3884811.8864523037,4.332557435042288,11919650.7,10847349.867115295,12991951.532884704,1072300.832884705,8.99607597464836,4129465.8,3919152.5337814027,4339779.066218597,210313.2662185971,5.092989660275117,4752950956.8,4705676301.914309,4800225611.685692,47274654.88569132,0.9946379694504515,11611496675.8,11558807514.075474,11664185837.524525,52689161.7245249,0.45376718605394395,2821975.0,2312117.8480052575,3331832.1519947425,509857.1519947426,18.06738727291144,0.0,0.0,0.0,0.0,,1543682406.4,1538386462.0150247,1548978350.7849755,5295944.384975508,0.34307214767875116,18183461.2,18048889.814858463,18318032.585141536,134571.38514153563,0.7400757405940716
W,5LVBQDK,10,6262104.0,6262104.0,6262104.0,0.0,0.0,6262104.0,6262104.0,6262104.0,0.0,0.0,452183.9,451256.74149071967,453111.0585092804,927.1585092803755,0.20504014169464582,16689300.0,15147116.191385353,18231483.80861465,1542183.8086146477,9.240554179112651,7814643.4,7644362.428047537,7984924.371952464,170280.97195246327,2.178998621388959,2070.2,2045.1051184150735,2095.294881584926,25.094881584926167,1.212195999658302,2070.6,2045.7775849425452,2095.4224150574546,24.822415057454613,1.1988030067349857,6814305937.3,6775893578.513478,6852718296.086522,38412358.78652191,0.5637017054996192,91356781.7,86582979.94983418,96130583.45016582,4773801.750165825,5.22544868736967,12051824.4,10870386.429160487,13233262.370839514,1181437.9708395128,9.80298029267264,4154798.2,3935892.1363768443,4373704.263623156,218906.06362315582,5.268753212205488,5122900847.3,5070251506.449749,5175550188.150251,52649340.85025116,1.0277251584519684,12814077414.6,12765399030.608084,12862755798.591917,48678383.99191703,0.37988208137758117,2920554.2,2365445.548243665,3475662.8517563352,555108.651756335,19.00696284822706,0.0,0.0,0.0,0.0,,1651742238.3,1646153248.6333973,1657331227.9666026,5588989.666602633,0.33836936157513975,20309005.6,20066548.559731923,20551462.64026808,242457.04026807973,1.1938400384708137
W,6LVBQDK,10,6262104.0,6262104.0,6262104.0,0.0,0.0,6262104.0,6262104.0,6262104.0,0.0,0.0,452591.6,452059.67750659713,453123.5224934028,531.9224934028734,0.11752814091177863,15181583.9,13951959.781630728,16411208.018369272,1229624.1183692722,8.099445528666296,8317556.7,8113218.754210846,8521894.645789154,204337.94578915433,2.4567063761543615,2161.9,2131.691848207633,2192.108151792367,30.208151792366895,1.3972964425906331,2162.0,2131.6331204070116,2192.3668795929884,30.366879592988393,1.4045735241900275,7373173799.6,7336069277.386205,7410278321.813796,37104522.21379553,0.5032367772994646,92213600.8,87314375.92536557,97112825.67463443,4899224.8746344345,5.31290919358008,11757409.3,10511753.60158542,13003064.998414582,1245655.6984145814,10.594644335589996,4024387.7,3747104.4611469144,4301670.938853086,277283.23885308555,6.890072714740818,5359865499.5,5293628013.606681,5426102985.393319,66237485.89331909,1.2358050010676223,13852720451.9,13803724362.349428,13901716541.450571,48996089.55057212,0.3536929061746276,2787681.4,2231837.4118272886,3343525.3881727112,555843.9881727111,19.939293929812465,0.0,0.0,0.0,0.0,,1745509256.8,1739789229.7309558,1751229283.869044,5720027.069044051,0.32769961240597706,21076302.8,20838205.87539924,21314399.724600762,238096.92460076173,1.1296901874116256
W,BINH,10,6714756.0,6713537.466320154,6715974.533679846,1218.533679845651,0.01814710288572885,6714756.0,6713537.466320154,6715974.533679846,1218.533679845651,0.01814710288572885,0.0,0.0,0.0,0.0,,0.0,0.0,0.0,0.0,,0.0,0.0,0.0,0.0,,2448.3,2391.712852112348,2504.887147887652,56.58714788765191,2.311283253181877,2448.5,2391.7671408709875,2505.2328591290125,56.732859129012425,2.3170455025122494,8190250897.5,8052401791.912346,8328100003.087654,137849105.5876542,1.6830877016201224,53391390.0,48808372.47763575,57974407.52236425,4583017.522364249,8.58381383658348,9652090.4,8602059.333188824,10702121.466811176,1050031.066811176,10.87879436781048,3761967.7,3585008.0978586082,3938927.302141392,176959.60214139207,4.70391072579895,6055989590.4,5912345638.865785,6199633541.934215,143643951.5342148,2.3719319425832612,16372020975.7,16105429080.363276,16638612871.036726,266591895.33672544,1.628338344621056,1773021.3,1273925.8062119898,2272116.7937880103,499095.4937880103,28.14943586904513,0.0,0.0,0.0,0.0,,2693117616.5,2653348175.7846937,2732887057.2153063,39769440.71530634,1.4767064190457104,37238244.3,36605383.83802893,37871104.761971064,632860.4619710664,1.6994906013092206
W,FIBH,10,6262104.0,6262104.0,6262104.0,0.0,0.0,6262104.0,6262104.0,6262104.0,0.0,0.0,451951.5,450922.5862884047,452980.4137115953,1028.9137115953163,0.22766020504308898,0.0,0.0,0.0,0.0,,0.0,0.0,0.0,0.0,,3943.3,3831.4528808118107,4055.1471191881897,111.8471191881893,2.8363837189204295,3943.9,3831.9317514629693,4055.868248537031,111.96824853703099,2.8390235182695043,12146016663.3,11977145223.105337,12314888103.494661,168871440.19466132,1.3903442163463982,136559068.2,122346964.43308134,150771171.96691865,14212103.766918646,10.407294040776597,19516205.0,16926451.15284013,22105958.84715987,2589753.847159868,13.269761447780795,6377190.9,5869891.956675456,6884489.843324545,507298.9433245442,7.954896619521678,9807872012.0,9538485396.80088,10077258627.19912,269386615.1991205,2.746636730878259,17773597838.4,17554789519.314587,17992406157.485416,218808319.08541554,1.2310862498119453,5024709.2,3929399.722492088,6120018.677507913,1095309.477507912,21.7984650237652,0.0,0.0,0.0,0.0,,2409981227.0,2386900080.3212376,2433062373.6787624,23081146.678762663,0.9577313889492244,61946299.1,60988025.11950744,62904573.08049256,958273.9804925598,1.546943069101863
NW,1LVBQ,10,1276194.0,1275975.5558256719,1276412.4441743281,218.4441743280434,0.017116846994112447,1276194.0,1275975.5558256719,1276412.4441743281,218.4441743280434,0.017116846994112447,0.0,0.0,0.0,0.0,,8389061.5,7724164.55172111,9053958.448278889,664896.94827889,7.9257608050541775,0.0,0.0,0.0,0.0,,287.8,284.3477903789893,291.2522096210107,3.45220962101071,1.1995168940273488,287.9,284.38818770152125,291.4118122984787,3.511812298478706,1.2198028129484912,803845157.3,792870360.6996611,814819953.9003388,10974796.600338865,1.3652873940550474,14420620.4,14273817.082461055,14567423.717538945,146803.31753894535,1.0180097212665369,2328248.9,2288232.983448145,2368264.816551855,40015.916551855145,1.7187130015117864,773877.2,749236.126205944,798518.2737940559,24641.073794055905,3.184106444027025,701033169.1,695062105.3650253,707004232.8349748,5971063.734974758,0.8517519567070593,1631131700.9,1612893389.301969,1649370012.4980311,18238311.59803109,1.118138503958193,178952.2,160208.42524601312,197695.9747539869,18743.77475398688,10.474179559673969,0.0,0.0,0.0,0.0,,288345897.6,286081016.27146643,290610778.9285336,2264881.3285335787,0.7854737478094707,2659633.1,2644132.949563627,2675133.250436373,15500.150436372767,0.5827928083904794
NW,2LVBQ,10,1276196.0,1276039.5596604217,1276352.4403395783,156.44033957840404,0.012258331759259866,1276196.0,1276039.5596604217,1276352.4403395783,156.44033957840404,0.012258331759259866,0.0,0.0,0.0,0.0,,7984089.1,7230170.628294726,8738007.571705274,753918.4717052737,9.442761250062624,16296.6,14780.10240371943,17813.09759628057,1516.4975962805706,9.305607281767795,330.0,324.2080137094672,335.7919862905328,5.791986290532827,1.7551473607675232,330.0,324.2080137094672,335.7919862905328,5.791986290532827,1.7551473607675232,1167853037.2,1129355907.7294288,1206350166.6705713,38497129.47057135,3.2964018797151566,10487732.7,10248406.453558499,10727058.9464415,239326.24644150047,2.2819636358724176,1278570.0,1208889.5491221556,1348250.4508778444,69680.45087784436,5.449873755668,608327.6,588363.0038014599,628292.19619854,19964.596198540086,3.281882360514316,817046243.8,801980408.2210022,832112079.3789977,15065835.578997685,1.8439391519539945,2397501171.2,2315280860.030076,2479721482.3699236,82220311.16992377,3.4294169344981285,129596.1,105091.199043824,154101.000956176,24504.900956176,18.908671600592918,0.0,0.0,0.0,0.0,,454498726.2,439129600.24711937,469867852.1528806,15369125.952880597,3.3815553415033084,2492710.8,2473637.948703632,2511783.6512963674,19072.85129636747,0.7651449697400705
NW,3LVBQ,10,1276070.2,1275901.4593839254,1276238.9406160745,168.74061607457367,0.013223458715247303,1276070.2,1275901.4593839254,1276238.9406160745,168.74061607457367,0.013223458715247303,0.0,0.0,0.0,0.0,,6925463.1,6352322.675207668,7498603.524792331,573140.4247923318,8.275842590112592,1430039.2,1415781.812336031,1444296.5876639688,14257.38766396882,0.9969927862095542,391.7,386.76628415008935,396.63371584991063,4.933715849910665,1.2595649348763505,391.7,386.76628415008935,396.63371584991063,4.933715849910665,1.2595649348763505,1465817152.3,1433113573.8953397,1498520730.7046602,32703578.404660203,2.231081711204247,7920221.7,7740530.414450453,8099912.985549548,179691.28554954767,2.2687658547430263,1183096.7,1119201.4870525268,1246991.912947473,63895.21294747317,5.400675443306804,552552.2,522455.8782960908,582648.521703909,30096.32170390913,5.446783435829073,963114119.8,951286345.3537992,974941894.2462007,11827774.446200732,1.2280761130006987,2973385454.4,2908504284.0527234,3038266624.747277,64881170.34727658,2.18206389122089,100237.2,82646.70530930659,117827.6946906934,17590.49469069341,17.548868773961573,0.0,0.0,0.0,0.0,,534568729.4,522231858.1300962,546905600.6699038,12336871.269903801,2.307817609112809,3019162.8,2990128.0879007815,3048197.512099218,29034.712099218137,0.9616809037001297
NW,4LVBQ,10,1276111.4,1275853.7083581868,1276369.091641813,257.6916418131225,0.02019350675913737,1276111.4,1275853.7083581868,1276369.091641813,257.6916418131225,0.02019350675913737,0.0,0.0,0.0,0.0,,5431646.8,4994533.847197442,5868759.752802557,437112.9528025577,8.047521661433466,1613807.2,1582282.4556863424,1645331.9443136575,31524.744313657517,1.9534393150345046,415.9,412.29234984739304,419.5076501526069,3.607650152606958,0.8674321117112187,415.9,412.29234984739304,419.5076501526069,3.607650152606958,0.8674321117112187,1556696260.4,1529653012.8348184,1583739507.9651818,27043247.565181665,1.7372205646741121,7649916.7,7379069.5072474815,7920763.892752519,270847.1927525189,3.540524732151906,1232675.9,1150311.1387705123,1315040.6612294875,82364.76122948762,6.681785636393769,559314.7,520055.51971913443,598573.8802808655,39259.18028086551,7.019157601412142,1021936645.3,1012014790.6143788,1031858499.9856211,9921854.68562119,0.9708874548390941,3162073376.0,3109417915.158173,3214728836.841827,52655460.84182679,1.6652194487793819,117379.9,92508.74119455263,142251.05880544736,24871.158805447376,21.18860111948245,0.0,0.0,0.0,0.0,,557206954.0,547369384.3867921,567044523.6132079,9837569.613207985,1.7655145081351558,3260054.1,3212095.904536241,3308012.295463759,47958.19546375898,1.471085877493842
NW,5LVBQ,10,1276080.9,1275866.6967031157,1276295.103296884,214.203296884138,0.01678602797707716,1276080.9,1275866.6967031157,1276295.103296884,214.203296884138,0.01678602797707716,0.0,0.0,0.0,0.0,,5191123.4,5021840.569762222,5360406.230237779,169282.83023777851,3.2610057051962684,1823037.8,1801435.3987151475,1844640.2012848526,21602.401284852487,1.1849672719266977,445.3,442.2453897134384,448.35461028656164,3.0546102865616005,0.6859668283318213,445.3,442.2453897134384,448.35461028656164,3.0546102865616005,0.6859668283318213,1696360543.9,1684431510.0369177,1708289577.7630825,11929033.863082517,0.7032133531977345,7232040.5,7122505.642915302,7341575.357084698,109534.85708469832,1.5145774845245725,1115088.8,1087069.296814928,1143108.303185072,28019.503185072015,2.5127598075661792,498625.7,481432.21834313293,515819.1816568671,17193.48165686707,3.448173982381387,1089345996.6,1081016939.1550694,1097675054.0449305,8329057.444930592,0.7645924684101044,3441440039.9,3413179462.5263815,3469700617.2736187,28260577.373618368,0.8211846507847207,83045.1,76004.06166409892,90086.1383359011,7041.038335901094,8.478571686831726,0.0,0.0,0.0,0.0,,599253940.2,594841381.5005127,603666498.8994874,4412558.69948732,0.73634204190875,3673345.0,3627070.6529272352,3719619.3470727648,46274.34707276466,1.2597332151694074
NW,6LVBQ,10,1276168.5,1276022.2374514383,1276314.7625485617,146.2625485615957,0.011461068703826783,1276168.5,1276022.2374514383,1276314.7625485617,146.2625485615957,0.011461068703826783,0.0,0.0,0.0,0.0,,4366867.4,4083022.4890244566,4650712.310975544,283844.910975544,6.499966336865278,1863143.7,1818544.7587404747,1907742.6412595252,44598.9412595252,2.3937467227850004,465.0,462.78868432202586,467.21131567797414,2.211315677974118,0.4755517587041114,465.1,463.0089486915124,467.19105130848766,2.0910513084876565,0.44959176703669235,1762258058.4,1739402005.7503293,1785114111.049671,22856052.649670955,1.296975351636216,7584442.0,7313723.884111811,7855160.115888189,270718.1158881883,3.5693873839128614,1220172.9,1133212.6265597222,1307133.1734402776,86960.2734402777,7.12688123464123,561039.8,518998.27399231424,603081.3260076859,42041.52600768581,7.493501531920874,1139099796.8,1135129196.6426232,1143070396.9573767,3970600.1573768454,0.3485735111647985,3582105605.7,3539911059.1072907,3624300152.292709,42194546.592708915,1.1779258133977721,113900.4,90146.88837212583,137653.91162787416,23753.511627874163,20.854634073167578,0.0,0.0,0.0,0.0,,616876914.9,609230973.716732,624522856.0832679,7645941.1832679445,1.239459768810996,3801921.8,3751815.384627506,3852028.2153724935,50106.415372493844,1.3179233558274095
NW,1LVBQDK,10,1207945.0,1207945.0,1207945.0,0.0,0.0,1207945.0,1207945.0,1207945.0,0.0,0.0,68367.7,68152.66465804557,68582.73534195442,215.03534195441912,0.31452768186500224,8279507.3,7512306.71068313,9046707.88931687,767200.5893168701,9.26625898761959,0.0,0.0,0.0,0.0,,235.2,231.5089925119223,238.8910074880777,3.691007488077706,1.5693059047949431,235.2,231.5089925119223,238.8910074880777,3.691007488077706,1.5693059047949431,652620864.7,641431053.2962759,663810676.1037242,11189811.403724207,1.7145960248862093,13165814.5,12947053.627783151,13384575.372216849,218760.8722168483,1.6615825190066922,1766151.3,1691600.6771756872,1840701.922824313,74550.62282431277,4.221077935073443,701885.9,674603.072648963,729168.7273510371,27282.827351037053,3.887074430621423,567465955.3,559150716.2710532,575781194.3289467,8315239.028946765,1.465328263534467,1229518301.7,1211210237.9117937,1247826365.4882064,18308063.78820624,1.4890436167475096,166890.1,133256.12420431132,200524.0757956887,33633.9757956887,20.15336787244342,0.0,0.0,0.0,0.0,,187715006.6,186088819.67723137,189341193.52276862,1626186.9227686247,0.8663062970952823,2657848.6,2628865.3772371854,2686831.822762815,28983.222762814672,1.0904768150757223
NW,2LVBQDK,10,1207945.0,1207945.0,1207945.0,0.0,0.0,1207945.0,1207945.0,1207945.0,0.0,0.0,68098.0,67897.1738914083,68298.8261085917,200.82610859170217,0.29490749888646095,9333598.3,8684364.7227355,9982831.877264502,649233.5772645012,6.955876569752324,19181.4,17841.470794911744,20521.32920508826,1339.9292050882584,6.9855652094646805,250.5,247.55533129214206,253.44466870785794,2.944668707857957,1.1755164502426976,250.5,247.55533129214206,253.44466870785794,2.944668707857957,1.1755164502426976,801122880.7,792103059.915875,810142701.4841251,9019820.784125052,1.1258972875975994,11394889.6,11063146.013244312,11726633.186755687,331743.58675568766,2.9113365587647966,1279435.0,1226366.8274950779,1332503.1725049221,53068.17250492208,4.147781833772101,601191.5,577258.0668029023,625124.9331970977,23933.433197097747,3.9809999304876644,615884099.5,610055640.6199858,621712558.3800142,5828458.880014134,0.9463564467317659,1473438601.6,1462810299.007381,1484066904.1926188,10628302.592618896,0.7213264659333394,114354.9,97342.73659580696,131367.06340419303,17012.163404193037,14.876637034524135,0.0,0.0,0.0,0.0,,209631259.7,208525079.30419388,210737440.0958061,1106180.3958060986,0.5276791244727222,2734641.0,2714618.14297942,2754663.85702058,20022.857020580097,0.7321932575639764
NW,3LVBQDK,10,1207945.0,1207945.0,1207945.0,0.0,0.0,1207945.0,1207945.0,1207945.0,0.0,0.0,68214.5,68049.51952383788,68379.48047616212,164.9804761621209,0.24185543566561493,6803061.3,6142260.460627648,7463862.139372352,660800.8393723516,9.713286566627758,1369853.3,1352485.9357669167,1387220.6642330834,17367.36423308342,1.2678265791733625,328.7,325.9181700278837,331.48182997211626,2.781829972116246,0.8463127387028433,328.7,325.9181700278837,331.48182997211626,2.781829972116246,0.8463127387028433,1119333689.9,1107294930.567734,1131372449.2322662,12038759.332266115,1.0755290795671166,11889569.0,11383738.971662069,12395399.028337931,505830.02833793213,4.254401722534536,1380374.9,1280862.112584529,1479887.6874154708,99512.78741547104,7.209113076126713,635232.3,604078.1430409636,666386.4569590365,31154.156959036536,4.9043722995566394,817999659.7,811601719.5469824,824397599.8530177,6397940.1530176895,0.7821445983686744,2079406994.1,2064759499.3795676,2094054488.8204322,14647494.720432254,0.7044073027546933,158690.6,119666.1060853634,197715.0939146366,39024.4939146366,24.59155987477305,0.0,0.0,0.0,0.0,,281716509.7,280247419.4907744,283185599.9092256,1469090.2092255966,0.521478208994578,3406460.1,3381667.105375235,3431253.094624765,24792.994624765157,0.7278228394562777
NW,4LVBQDK,10,1207945.0,1207945.0,1207945.0,0.0,0.0,1207945.0,1207945.0,1207945.0,0.0,0.0,68144.5,67945.44780785979,68343.55219214021,199.0521921402137,0.2921030928984932,5285232.2,5101560.095540888,5468904.304459113,183672.10445911292,3.4751946084622904,1569668.1,1553378.083179339,1585958.1168206611,16290.016820661092,1.0378000814733441,357.2,354.68096839323397,359.719031606766,2.519031606765993,0.7052160153320249,357.2,354.68096839323397,359.719031606766,2.519031606765993,0.7052160153320249,1254787288.7,1250489751.2557697,1259084826.1442304,4297537.4442303665,0.34249131170931396,11826143.1,11524984.172958456,12127302.027041543,301158.9270415432,2.5465523670311683,1340512.0,1290847.1145560793,1390176.8854439207,49664.88544392078,3.704919123731886,618618.6,589388.848009408,647848.351990592,29229.751990591958,4.725003740688035,893021925.4,887093283.3032187,898950567.4967812,5928642.096781292,0.6638853905099531,2345180785.8,2339496216.7327724,2350865354.867228,5684569.067227851,0.2423936398271616,147944.8,134024.38250832623,161865.21749167374,13920.417491673747,9.409196870504234,0.0,0.0,0.0,0.0,,305740794.2,305118197.6536279,306363390.7463721,622596.5463721325,0.2036354186889636,3714378.3,3695587.7364577027,3733168.863542297,18790.563542297223,0.5058871774664747
NW,5LVBQDK,10,1207945.0,1207945.0,1207945.0,0.0,0.0,1207945.0,1207945.0,1207945.0,0.0,0.0,68251.8,68020.94201253021,68482.65798746979,230.85798746979398,0.33824454075906274,4183319.5,4000675.847982834,4365963.152017166,182643.65201716576,4.365998150922151,1715737.3,1688727.4607174376,1742747.1392825625,27009.839282562418,1.5742409565008826,384.7,382.13068336179964,387.26931663820034,2.5693166382003367,0.6678753933455515,384.8,382.19224306376947,387.40775693623056,2.607756936230549,0.6776915114944253,1372080126.0,1366430935.6443965,1377729316.3556035,5649190.355603474,0.41172452312041397,12230144.5,11825480.73952291,12634808.26047709,404663.76047709,3.308740632435619,1389456.7,1313559.7651489095,1465353.6348510904,75896.93485109044,5.4623461710674714,635587.8,605393.6035605719,665781.9964394282,30194.19643942815,4.750594086203062,961559154.6,955649961.4072582,967468347.7927419,5909193.192741912,0.6145428666008679,2569859881.6,2561686543.3627505,2578033219.8372493,8173338.237249553,0.3180460653037946,165603.6,132731.5239649725,198475.6760350275,32872.0760350275,19.84985594215796,0.0,0.0,0.0,0.0,,326062217.0,325223604.07997704,326900829.92002296,838612.9200229682,0.2571941415778843,4099011.5,4067045.6711756024,4130977.3288243976,31965.828824397493,0.7798423796663535
NW,6LVBQDK,10,1207945.0,1207945.0,1207945.0,0.0,0.0,1207945.0,1207945.0,1207945.0,0.0,0.0,68234.0,68030.88314348554,68437.11685651446,203.1168565144686,0.2976769008331163,3614562.8,3530179.265593233,3698946.3344067666,84383.53440676667,2.3345433203364645,1802701.6,1786626.964866957,1818776.2351330433,16074.635133043072,0.8916969471288576,404.8,402.99027426980723,406.6097257301928,1.8097257301927931,0.44706663295276505,404.9,403.1331987752852,406.66680122471473,1.7668012247147746,0.4363549579438812,1469368134.6,1466788444.3837876,1471947824.8162122,2579690.2162122927,0.17556459511179962,12502509.1,12277469.97184704,12727548.228152959,225039.12815295928,1.7999517245139163,1391068.7,1342677.4686422027,1439459.9313577972,48391.23135779723,3.478708949298998,634539.4,614415.6997195755,654663.1002804246,20123.7002804245,3.1713870376566837,1011741347.4,1007307899.1712554,1016174795.6287446,4433448.228744676,0.4381997671774382,2753905026.5,2748360564.5539474,2759449488.4460526,5544461.946052623,0.20133090621135924,165864.5,145901.25787689557,185827.74212310443,19963.242123104417,12.035873935112345,0.0,0.0,0.0,0.0,,342716132.3,342259752.15944386,343172512.44055617,456380.1405561515,0.13316564279987106,4263628.5,4244457.261456839,4282799.738543161,19171.238543161242,0.44964608298216513
NW,BINH,10,1276149.7,1275898.52333871,1276400.87666129,251.176661289905,0.01968238219151758,1276149.7,1275898.52333871,1276400.87666129,251.176661289905,0.01968238219151758,0.0,0.0,0.0,0.0,,0.0,0.0,0.0,0.0,,0.0,0.0,0.0,0.0,,412.7,405.2044765180987,420.19552348190126,7.495523481901256,1.816216012091412,412.7,405.2044765180987,420.19552348190126,7.495523481901256,1.816216012091412,1444733676.4,1427731442.4068873,1461735910.393113,17002233.99311269,1.1768420900576642,6680901.5,6326626.766398714,7035176.233601286,354274.7336012863,5.3027983364413664,1127267.3,1054205.6875151077,1200328.9124848924,73061.6124848923,6.481303279611882,481816.9,441806.5923188176,521827.2076811824,40010.30768118243,8.304048214411413,1022353314.3,1003763697.5591482,1040942931.0408517,18589616.740851734,1.818316278808168,2905343010.0,2871776610.460042,2938909409.539958,33566399.53995814,1.1553334468400047,92962.1,69815.05300425344,116109.14699574657,23147.04699574657,24.899445038081723,0.0,0.0,0.0,0.0,,479450031.4,474587894.5062833,484312168.29371667,4862136.893716723,1.0141071175903822,6370602.1,6256641.015774961,6484563.184225039,113961.0842250386,1.7888589247323832
NW,FIBH,10,1207945.0,1207945.0,1207945.0,0.0,0.0,1207945.0,1207945.0,1207945.0,0.0,0.0,68148.2,67920.34568038589,68376.05431961411,227.85431961411558,0.3343511928621968,0.0,0.0,0.0,0.0,,0.0,0.0,0.0,0.0,,659.0,650.5896957011045,667.4103042988955,8.410304298895507,1.276222200135889,659.1,650.7613260680588,667.4386739319413,8.338673931941178,1.265160663319857,2151223585.0,2139654428.5358236,2162792741.4641767,11569156.464176463,0.5377942369563814,18064115.6,17539657.151197042,18588574.04880296,524458.4488029593,2.9033165000502943,2143667.0,2056790.8973086758,2230543.1026913244,86876.10269132421,4.052686480284681,934364.9,893145.7506898959,975584.0493101041,41219.1493101041,4.411461658084984,1655763512.6,1638687029.710524,1672839995.4894757,17076482.889475837,1.0313358616449462,3175803185.5,3161977187.5125194,3189629183.4874806,13825997.987480689,0.4353543711589897,268976.9,230497.33715075743,307456.4628492426,38479.562849242604,14.305898703287385,0.0,0.0,0.0,0.0,,434616573.2,433012545.66187847,436220600.7381215,1604027.5381215347,0.3690672737837359,10996836.6,10908438.594490409,11085234.60550959,88398.00550959154,0.8038494043786333
NE,1LVBQ,10,1662466.8,1662148.6051168013,1662784.9948831988,318.1948831986328,0.019139924069378877,1662466.8,1662148.6051168013,1662784.9948831988,318.1948831986328,0.019139924069378877,0.0,0.0,0.0,0.0,,3402933.1,2893294.523928717,3912571.6760712834,509638.5760712831,14.976450053375515,0.0,0.0,0.0,0.0,,342.0,338.5942199035172,345.4057800964828,3.405780096482769,0.9958421334744939,342.0,338.5942199035172,345.4057800964828,3.405780096482769,0.9958421334744939,888846573.0,881305594.3424982,896387551.6575018,7540978.657501815,0.8484004873923068,16780595.3,16698031.1863555,16863159.413644504,82564.11364450151,0.49202136258241985,2532084.1,2444523.3688747836,2619644.8311252166,87560.73112521651,3.458049877775249,941743.2,907920.7875971018,975565.6124028981,33822.41240289819,3.591468714921243,830385251.0,824619492.1571635,836151009.8428365,5765758.842836508,0.6943474532926774,1836655731.6,1823302980.10058,1850008483.0994198,13352751.499419851,0.7270143919561681,234203.2,198118.65712705904,270287.742872941,36084.54287294098,15.407365430079938,0.0,0.0,0.0,0.0,,336439927.1,335325729.2510793,337554124.9489207,1114197.8489207067,0.33117289571565434,3440671.4,3408465.5454364237,3472877.254563576,32205.854563576333,0.9360340125353538
NE,2LVBQ,10,1662321.2,1661974.0559006569,1662668.344099343,347.14409934308156,0.020883094033997858,1662321.2,1661974.0559006569,1662668.344099343,347.14409934308156,0.020883094033997858,0.0,0.0,0.0,0.0,,4539583.8,4099922.1410866925,4979245.458913308,439661.65891330736,9.68506537787247,18139.7,16345.404495208972,19933.99550479103,1794.2955047910284,9.891539026505555,374.3,371.91428501656463,376.6857149834354,2.3857149834353906,0.637380439069033,374.3,371.91428501656463,376.6857149834354,2.3857149834353906,0.637380439069033,1229455221.2,1206900733.3867862,1252009709.0132139,22554487.813213862,1.8345107185928848,12974315.9,12656262.431931699,13292369.368068302,318053.46806830156,2.4514083865362144,1639818.8,1551986.2697064944,1727651.3302935057,87832.53029350555,5.356233889592286,785000.7,756802.9160074642,813198.4839925357,28197.783992535748,3.5920711908327916,927397125.2,921038756.7871506,933755493.6128495,6358368.412849463,0.685614419117186,2528516306.2,2483644584.0741367,2573388028.325863,44871722.125862956,1.774626567202122,191238.7,160020.74753740273,222456.6524625973,31217.952462597277,16.324076906294216,0.0,0.0,0.0,0.0,,475590457.5,466663585.0194118,484517329.9805882,8926872.480588188,1.8770083250857044,3213528.7,3146977.9278034437,3280079.4721965566,66550.77219655657,2.070956210739819
NE,3LVBQ,10,1662427.0,1662059.8707946155,1662794.1292053845,367.1292053844916,0.02208392942273505,1662427.0,1662059.8707946155,1662794.1292053845,367.1292053844916,0.02208392942273505,0.0,0.0,0.0,0.0,,4690843.1,4214486.214395949,5167199.985604051,476356.88560405135,10.155037707486985,1786343.1,1772678.8754619265,1800007.3245380737,13664.224538073739,0.7649272157220938,470.0,465.6421251615723,474.3578748384277,4.357874838427664,0.9272074124314179,470.0,465.6421251615723,474.3578748384277,4.357874838427664,0.9272074124314179,1689955529.9,1662328508.171622,1717582551.6283782,27627021.728378005,1.634778030520885,10935744.3,10645886.781954555,11225601.818045447,289857.5180454455,2.6505513488043557,1521040.7,1430528.775058337,1611552.624941663,90511.92494166296,5.950657661012158,740065.4,703840.496178074,776290.303821926,36224.90382192598,4.89482467656588,1155904695.7,1145460641.1213288,1166348750.2786713,10444054.57867113,0.9035394196012286,3442446658.5,3385673234.5579786,3499220082.4420214,56773423.94202159,1.6492172450032923,138912.6,111547.65654679414,166277.54345320587,27364.943453205873,19.699396205388044,0.0,0.0,0.0,0.0,,614488450.5,604314155.2668585,624662745.7331415,10174295.23314156,1.6557341679673376,3912439.6,3860317.4727905556,3964561.7272094446,52122.12720944459,1.3322155109933091
NE,4LVBQ,10,1662419.2,1662056.813405564,1662781.5865944359,362.3865944359447,0.021798749342882028,1662419.2,1662056.813405564,1662781.5865944359,362.3865944359447,0.021798749342882028,0.0,0.0,0.0,0.0,,3898935.1,3572095.948023759,4225774.251976241,326839.1519762414,8.38278000514144,1918693.5,1894355.7960700886,1943031.2039299114,24337.703929911368,1.2684518882203628,503.7,500.4999381243618,506.9000618756382,3.2000618756381725,0.6353110731860577,503.9,500.8379530370967,506.96204696290323,3.0620469629032785,0.6076695699351615,1840811448.4,1820363837.2565382,1861259059.543462,20447611.143461946,1.110793349380494,10915131.4,10626985.500257013,11203277.299742987,288145.8997429878,2.63987568434575,1595293.7,1498953.72193245,1691633.6780675498,96339.97806754983,6.039012005598081,735406.8,694578.7651489759,776234.8348510242,40828.03485102417,5.551761943324996,1239969433.6,1232647949.512251,1247290917.687749,7321484.087748973,0.5904568200921314,3757571695.1,3716638063.510251,3798505326.689749,40933631.58974885,1.0893639539367321,172155.8,140727.7894971809,203583.81050281908,31428.010502819096,18.255562985864604,0.0,0.0,0.0,0.0,,658869853.9,651510692.7906151,666229015.0093849,7359161.10938491,1.1169369892740377,4010326.5,3940830.597600207,4079822.402399793,69495.90239979295,1.7329238005881302
NE,5LVBQ,10,1662369.8,1662009.331283618,1662730.268716382,360.4687163819373,0.021684027006622555,1662369.8,1662009.331283618,1662730.268716382,360.4687163819373,0.021684027006622555,0.0,0.0,0.0,0.0,,3607298.4,3381292.9660823043,3833303.8339176956,226005.43391769557,6.265227016364812,2026956.2,2000415.614572602,2053496.7854273978,26540.585427397764,1.3093812992800615,540.0,536.5444978559509,543.4555021440491,3.4555021440490434,0.6399078044535266,540.0,536.5444978559509,543.4555021440491,3.4555021440490434,0.6399078044535266,1993307738.8,1977102764.8262067,2009512712.7737932,16204973.973793162,0.8129689991345135,10906859.7,10682042.266621107,11131677.133378891,224817.4333788912,2.061248054551313,1619998.0,1562105.381679521,1677890.618320479,57892.61832047911,3.573622826724422,757163.0,732992.3401882234,781333.6598117766,24170.659811776648,3.1922663695633102,1324953928.6,1315605208.5451877,1334302648.654812,9348720.054812267,0.7055883116396737,4061070016.8,4027851214.885275,4094288818.7147255,33218801.914725352,0.8179815117026905,168960.2,146129.22196192158,191791.17803807845,22830.978038078443,13.512636726328711,0.0,0.0,0.0,0.0,,705286549.2,699541333.6303366,711031764.7696635,5745215.569663454,0.8145931006596111,4328110.7,4245611.548996737,4410609.851003263,82499.15100326276,1.9061238660846347
NE,6LVBQ,10,1662354.0,1661948.6991213753,1662759.3008786247,405.3008786247516,0.024381141358865297,1662354.0,1661948.6991213753,1662759.3008786247,405.3008786247516,0.024381141358865297,0.0,0.0,0.0,0.0,,3728148.1,3406290.7652752837,4050005.4347247165,321857.33472471614,8.633169232861649,2179898.9,2126100.82528748,2233696.97471252,53798.074712520196,2.467916044754195,578.7,573.8947275747795,583.5052724252206,4.8052724252205925,0.8303563893590102,578.8,573.950557832802,583.6494421671979,4.849442167197902,0.8378441892187116,2165660267.4,2140340759.9474397,2190979774.8525605,25319507.45256042,1.169135705802921,10710333.2,10369120.561160404,11051545.838839594,341212.6388395951,3.1858265514988373,1543468.1,1449401.068405455,1637535.1315945452,94067.03159454506,6.094523857962795,728856.6,685828.6353331619,771884.564666838,43027.96466683803,5.903488377115338,1417383363.5,1405040513.5864418,1429726213.4135582,12342849.913558273,0.8708194431660037,4412070059.7,4363291317.175707,4460848802.224293,48778742.52429335,1.1055749764683038,149652.6,119711.48752364679,179593.71247635322,29941.11247635321,20.007078043651237,0.0,0.0,0.0,0.0,,759312249.4,750597732.5428146,768026766.2571853,8714516.857185371,1.1476855357030635,4654829.9,4548670.631151572,4760989.168848429,106159.26884842821,2.2806261695712706
NE,1LVBQDK,10,1524453.0,1524453.0,1524453.0,0.0,0.0,1524453.0,1524453.0,1524453.0,0.0,0.0,137869.2,137436.4476595369,138301.95234046312,432.7523404631119,0.3138861620021817,3505079.3,2806162.456846677,4203996.143153323,698916.8431533227,19.9401149969224,0.0,0.0,0.0,0.0,,297.8,292.0296513633659,303.57034863663415,5.77034863663413,1.93765904520958,297.8,292.0296513633659,303.57034863663415,5.77034863663413,1.93765904520958,761412468.6,751526196.8423681,771298740.3576319,9886271.757631913,1.2984121176541386,17392857.6,16831083.265837457,17954631.934162546,561774.3341625441,3.2299139513598045,2072576.6,1882538.494436212,2262614.7055637883,190038.1055637881,9.169171627422026,886366.9,842288.5334008407,930445.2665991593,44078.366599159264,4.972925613440581,720290513.3,709436521.7909871,731144504.8090128,10853991.509012854,1.5068908042791591,1486883690.2,1473316547.9317768,1500450832.4682233,13567142.268223204,0.9124548448304179,238872.1,162703.09403498756,315041.10596501245,76169.00596501245,31.886941155962727,0.0,0.0,0.0,0.0,,235491979.2,234078083.72160932,236905874.67839065,1413895.4783906562,0.6004006944074537,3774300.7,3711167.6071830844,3837433.792816916,63133.09281691573,1.6727096708779914
NE,2LVBQDK,10,1524453.0,1524453.0,1524453.0,0.0,0.0,1524453.0,1524453.0,1524453.0,0.0,0.0,137673.7,137270.9765736611,138076.42342633894,402.72342633893,0.29252023177914876,4083563.0,3822861.653774447,4344264.346225553,260701.34622555328,6.3841636880722366,16313.1,15254.191320011583,17372.008679988416,1058.9086799884165,6.491155451682491,330.5,326.8640910593412,334.1359089406588,3.6359089406588043,1.100123733936098,330.5,326.8640910593412,334.1359089406588,3.6359089406588043,1.100123733936098,948090539.3,944428271.658759,951752806.9412409,3662267.64124095,0.38627826029620527,17697750.8,17322742.06358038,18072759.536419623,375008.73641962,2.118962689991205,1964541.7,1873861.5289623686,2055221.8710376313,90680.17103763128,4.615843534277297,870706.3,840856.7614538522,900555.8385461479,29849.538546147905,3.428198296733113,806871134.6,796504136.2499117,817238132.9500884,10366998.350088323,1.2848394130777376,1806722328.5,1801438677.7508605,1812005979.2491395,5283650.749139662,0.2924439835492774,282630.6,247066.69025995512,318194.5097400448,35563.909740044866,12.5831773842057,0.0,0.0,0.0,0.0,,262214186.3,261835936.94738513,262592435.6526149,378249.3526148925,0.14425205514324702,3762497.2,3724687.4610327184,3800306.938967282,37809.738967281635,1.004910753615488
NE,3LVBQDK,10,1524453.0,1524453.0,1524453.0,0.0,0.0,1524453.0,1524453.0,1524453.0,0.0,0.0,137976.7,137591.79365777402,138361.606342226,384.9063422260078,0.2789647398626056,4393638.4,3919380.7164299116,4867896.083570089,474257.6835700889,10.794190153884509,1647587.3,1633577.0070525124,1661597.5929474877,14010.292947487738,0.8503520843774249,420.7,418.73222664620687,422.6677733537931,1.9677733537931181,0.4677379020188063,420.7,418.73222664620687,422.6677733537931,1.9677733537931181,0.4677379020188063,1387419554.4,1378348574.3918943,1396490534.4081059,9070980.008105699,0.6538022315844115,17186790.4,16525119.276627764,17848461.523372233,661671.1233722339,3.849881845142151,1832479.2,1717308.1583294503,1947650.2416705496,115171.04167054966,6.284984935738952,844329.4,826969.050536015,861689.7494639851,17360.34946398512,2.056110975643525,1046756356.0,1043644243.3800035,1049868468.6199965,3112112.6199965035,0.29731012399952444,2625527860.4,2614443721.073758,2636611999.726242,11084139.326242205,0.4221680330809185,246415.6,189516.03456663122,303315.16543336876,56899.56543336878,23.090894177709842,0.0,0.0,0.0,0.0,,360520279.4,359295381.77951956,361745177.0204804,1224897.6204804054,0.33975831332399814,4453798.0,4413674.76327883,4493921.23672117,40123.23672117044,0.9008768857763743
NE,4LVBQDK,10,1524453.0,1524453.0,1524453.0,0.0,0.0,1524453.0,1524453.0,1524453.0,0.0,0.0,138174.7,137967.80609376536,138381.59390623466,206.8939062346381,0.1497335664449701,3611256.3,3264114.025470917,3958398.5745290825,347142.27452908276,9.612784186187028,1783624.4,1754082.461117102,1813166.3388828977,29541.938882897874,1.6562869897326966,456.4,453.127030421684,459.67296957831593,3.272969578315974,0.7171274273260242,456.4,453.127030421684,459.67296957831593,3.272969578315974,0.7171274273260242,1552859419.8,1544591924.2584035,1561126915.3415964,8267495.54159642,0.5324046360011926,18116008.7,17354904.48257322,18877112.91742678,761104.2174267817,4.201279818477796,1899760.8,1774613.1304678058,2024908.4695321943,125147.66953219433,6.587548786783806,863055.9,828331.6936640156,897780.1063359844,34724.20633598436,4.023401767600959,1137500049.6,1129455928.0116215,1145544171.1883783,8044121.588378343,0.7071754934170812,2939412703.8,2931205540.2688346,2947619867.331166,8207163.531165687,0.27921099750830053,276129.5,218361.0150747664,333897.98492523364,57768.48492523362,20.920794382792717,0.0,0.0,0.0,0.0,,388542015.3,387494344.92385364,389589685.6761464,1047670.3761464049,0.2696414634431441,4661106.6,4619356.460577091,4702856.739422908,41750.13942290815,0.8957130356750079
NE,5LVBQDK,10,1524453.0,1524453.0,1524453.0,0.0,0.0,1524453.0,1524453.0,1524453.0,0.0,0.0,138134.1,137998.29667227255,138269.90332772746,135.80332772744865,0.0983126742255885,3597217.1,3361822.897181819,3832611.302818181,235394.20281818084,6.5437863847078015,1950702.7,1917228.3683556241,1984177.0316443758,33474.331644375765,1.716014010970291,488.9,486.235088821337,491.56491117866295,2.6649111786629596,0.5450830801110574,488.9,486.235088821337,491.56491117866295,2.6649111786629596,0.5450830801110574,1711463206.7,1705289798.7333899,1717636614.6666102,6173407.966610106,0.36070935924550285,17259702.6,16606569.284162272,17912835.91583773,653133.3158377298,3.784151621695554,1738132.8,1643731.0290245982,1832534.570975402,94401.77097540196,5.431217394631869,822616.5,794435.1001852201,850797.8998147799,28181.399814779816,3.4258247694739667,1220819173.6,1213943033.6180022,1227695313.5819976,6876139.981997656,0.5632398417958183,3234939721.1,3226415387.9135914,3243464054.2864084,8524333.18640865,0.26350825429013125,209087.1,163229.1385980259,254945.06140197412,45857.96140197412,21.932468048949037,0.0,0.0,0.0,0.0,,415290970.7,414328666.2956563,416253275.10434365,962304.4043436855,0.23171811386162783,5086270.7,5028998.467022394,5143542.932977607,57272.23297760667,1.1260162180830577
NE,6LVBQDK,10,1524453.0,1524453.0,1524453.0,0.0,0.0,1524453.0,1524453.0,1524453.0,0.0,0.0,137412.5,137031.19542053368,137793.80457946632,381.3045794663337,0.27748900534255155,2710543.6,2541068.269773471,2880018.930226529,169475.33022652907,6.252448041290649,1961504.5,1926967.6166264326,1996041.3833735674,34536.88337356725,1.7607343431313693,517.5,514.0076708604465,520.9923291395535,3.4923291395535085,0.6748462105417408,517.5,514.0076708604465,520.9923291395535,3.4923291395535085,0.6748462105417408,1833365017.6,1827208386.4175203,1839521648.7824795,6156631.182479729,0.3358104427311033,19588626.9,19004827.23222108,20172426.567778915,583799.6677789153,2.9802990825197417,2008354.5,1911449.9336630425,2105259.0663369577,96904.56633695758,4.825072781571061,876850.5,848445.6080247643,905255.3919752357,28404.891975235703,3.2394224528851505,1291109870.2,1282879190.0382035,1299340550.3617966,8230680.1617966425,0.6374887491582467,3466937355.4,3457233482.3901024,3476641228.409898,9703873.009897562,0.2798975584252508,327982.9,283447.74530507677,372518.0546949233,44535.15469492324,13.578498968977723,0.0,0.0,0.0,0.0,,435579376.4,434546951.93197733,436611800.8680226,1032424.4680226556,0.23702326693138992,5107011.4,5038972.819603791,5175049.980396209,68038.58039620935,1.3322582439547588
NE,BINH,10,1662320.5,1661893.897402454,1662747.102597546,426.602597545964,0.025663077459849887,1662320.5,1661893.897402454,1662747.102597546,426.602597545964,0.025663077459849887,0.0,0.0,0.0,0.0,,0.0,0.0,0.0,0.0,,0.0,0.0,0.0,0.0,,559.0,548.2617009423222,569.7382990576778,10.73829905767776,1.9209837312482578,559.0,548.2617009423222,569.7382990576778,10.73829905767776,1.9209837312482578,1940329451.2,1910673987.4873078,1969984914.9126923,29655463.7126922,1.5283726015884431,10040280.9,9407566.7677011,10672995.0322989,632714.1322988996,6.301757277517002,1510421.2,1419761.161642914,1601081.238357086,90660.03835708612,6.002301765698609,673720.1,634476.8360238557,712963.3639761442,39243.263976144204,5.824861686053928,1380898426.4,1355005117.622171,1406791735.1778293,25893308.777829085,1.8751059660001856,3890558902.8,3834518162.347364,3946599643.2526364,56040740.4526362,1.4404290450995145,151009.4,116563.71385995302,185455.08614004697,34445.68614004697,22.81029269704202,0.0,0.0,0.0,0.0,,642390472.6,634011194.252175,650769750.9478251,8379278.347824993,1.304390196496976,8639611.7,8466522.933382295,8812700.466617703,173088.7666177041,2.0034322447350745
NE,FIBH,10,1524453.0,1524453.0,1524453.0,0.0,0.0,1524453.0,1524453.0,1524453.0,0.0,0.0,137878.0,137477.48672292024,138278.51327707976,400.5132770797714,0.29048381691043634,0.0,0.0,0.0,0.0,,0.0,0.0,0.0,0.0,,869.8,860.1977416343111,879.4022583656888,9.602258365688833,1.1039616424107648,869.9,860.4070224871414,879.3929775128586,9.492977512858648,1.0912722741531955,2823281667.9,2800706208.4936113,2845857127.306389,22575459.40638889,0.7996176811922865,29871137.0,28596983.824447576,31145290.175552424,1274153.1755524229,4.2654994202343985,3144266.6,2988217.9907809854,3300315.2092190147,156048.60921901453,4.962957314720531,1229377.2,1182179.9747145867,1276574.4252854132,47197.225285413246,3.8391166913957124,2186055567.2,2164161854.0921245,2207949280.307875,21893713.107875355,1.001516770038825,4170004989.8,4139305002.5435038,4200704977.0564966,30699987.25649625,0.7362098446306337,557711.7,479737.3345967029,635686.0654032971,77974.36540329707,13.981124190741752,0.0,0.0,0.0,0.0,,569728601.4,566646094.9156232,572811107.8843768,3082506.4843767714,0.541048224856905,14276310.1,14120440.952904608,14432179.247095391,155869.1470953913,1.0918027557792493
USA,1LVBQ,10,25665932.7,25662338.995869692,25669526.404130306,3593.704130307196,0.014001845061750652,25665932.7,25662338.995869692,25669526.404130306,3593.704130307196,0.014001845061750652,0.0,0.0,0.0,0.0,,21753971.4,18001853.24766025,25506089.552339748,3752118.152339747,17.247968581680436,0.0,0.0,0.0,0.0,,6437.7,6381.6976607213,6493.7023392787,56.002339278699964,0.8699122245320527,6439.2,6383.374858094004,6495.025141905996,55.82514190599571,0.866957726208158,12819618567.3,12759867803.6927,12879369330.907299,59750763.60729889,0.46608846662341286,323357215.1,318365806.3960923,328348623.80390775,4991408.703907712,1.5436206371223513,81369842.4,77643435.55135666,85096249.24864335,3726406.8486433434,4.579592068428712,25536378.7,24790479.58606382,26282277.813936178,745899.1139361775,2.9209275234321987,14933127078.7,14823146587.173223,15043107570.226778,109980491.52677722,0.7364866778884437,26540843793.4,26450382633.811787,26631304952.988216,90461159.58821437,0.34083754191232474,18991248.2,17578712.796993814,20403783.603006184,1412535.4030061858,7.4378228757296,1.5,-1.8932357441114873,4.893235744111488,3.3932357441114873,226.21571627409915,4923421500.2,4916408342.964997,4930434657.435002,7013157.235002773,0.14244478630801535,47573027.3,46806724.7627849,48339329.837215096,766302.5372151022,1.6107920405878864
USA,2LVBQ,10,25666583.6,25663533.37537689,25669633.82462311,3050.224623111932,0.011884030499142596,25666583.6,25663533.37537689,25669633.82462311,3050.224623111932,0.011884030499142596,0.0,0.0,0.0,0.0,,40931209.1,35397966.17981303,46464452.020186976,5533242.920186972,13.518395966922395,40216.6,34792.4489764767,45640.7510235233,5424.151023523297,13.487343593250792,6279.8,6186.495469828985,6373.1045301710155,93.30453017101516,1.4857882443870052,6281.0,6187.577808517686,6374.422191482314,93.42219148231392,1.4873776704714843,17126709361.5,16846776254.45001,17406642468.549988,279933107.0499891,1.6344827318624613,287588614.0,282012885.37461174,293164342.62538826,5575728.625388246,1.938786291931657,56905604.8,52443572.244053885,61367637.35594611,4462032.555946115,7.841112613824844,17571122.8,16445686.743421245,18696558.856578756,1125436.0565787558,6.405032105169488,15123507696.7,14954461371.274326,15292554022.125675,169046325.4256739,1.1177719403188477,35062216923.5,34493538987.35918,35630894859.64082,568677936.140827,1.6219109515567394,15070419.4,13164341.550825492,16976497.24917451,1906077.849174508,12.647808920132029,0.0,0.0,0.0,0.0,,6613873186.2,6502999318.393433,6724747054.006567,110873867.80656719,1.676383333715985,48213055.1,47197739.96775142,49228370.23224858,1015315.132248577,2.105892543301154
USA,3LVBQ,10,25666365.3,25663442.75788379,25669287.84211621,2922.542116211094,0.011386661422648317,25666365.3,25663442.75788379,25669287.84211621,2922.542116211094,0.011386661422648317,0.0,0.0,0.0,0.0,,40569758.0,33681257.03338005,47458258.96661995,6888500.966619957,16.979398710290454,26239429.5,26136147.130881045,26342711.869118955,103282.36911895323,0.39361514745948734,7376.4,7307.94948496689,7444.850515033109,68.4505150331094,0.9279664203826988,7378.0,7309.580392711781,7446.419607288219,68.41960728821826,0.9273462630552759,23046770742.7,22661223731.023045,23432317754.376957,385547011.6769565,1.6728895166325086,244140183.2,232360569.69319734,255919796.70680264,11779613.506802637,4.8249384236566915,53131195.1,47697844.31235182,58564545.88764818,5433350.787648178,10.226291310447442,16783699.9,15414764.942001626,18152634.85799837,1368934.9579983717,8.156336005497643,17893400661.0,17746380887.219604,18040420434.780396,147019773.7803945,0.8216424399462259,46863761354.4,46108148460.84368,47619374247.95632,755612893.5563219,1.6123607489422698,13781515.5,11456555.684830144,16106475.315169856,2324959.815169856,16.870131700463972,0.0,0.0,0.0,0.0,,8394336232.6,8250717625.772236,8537954839.427765,143618606.82776472,1.7108989066939166,52602508.6,51099999.759436466,54105017.44056354,1502508.8405635348,2.856344460658545
USA,4LVBQ,10,25667177.6,25664563.701893035,25669791.498106968,2613.898106965665,0.010183815874502948,25667177.6,25664563.701893035,25669791.498106968,2613.898106965665,0.010183815874502948,0.0,0.0,0.0,0.0,,38541954.0,33675923.023599274,43407984.976400726,4866030.976400726,12.62528354530423,27227172.8,27021376.703273606,27432968.896726396,205796.0967263958,0.7558482044319923,7965.7,7908.256202009168,8023.143797990831,57.44379799083124,0.7211393598909228,7967.5,7909.848515530417,8025.151484469583,57.65148446958336,0.7235831122633619,25930996772.1,25644542975.712616,26217450568.48738,286453796.3873833,1.1046771510749955,236842224.1,227827510.36436194,245856937.83563805,9014713.735638056,3.8062105563709983,53279733.0,48851046.79079396,57708419.20920604,4428686.20920604,8.31214039530949,17063849.9,16058037.816366695,18069661.983633302,1005812.0836333032,5.894403018824628,19307734646.2,19160574602.08251,19454894690.31749,147160044.11748797,0.7621818240932313,52742663369.6,52172153669.250244,53313173069.94975,570509700.3497525,1.081685421063861,13851240.4,11909335.352826752,15793145.447173249,1941905.047173249,14.019719469840759,0.0,0.0,0.0,0.0,,9292835107.9,9186843013.250463,9398827202.549536,105992094.64953673,1.1405786653787822,53090537.8,51453517.797344446,54727557.80265555,1637020.0026555543,3.083449651277698
USA,5LVBQ,10,25665404.5,25662558.148871575,25668250.851128425,2846.351128425073,0.011090225086556002,25665404.5,25662558.148871575,25668250.851128425,2846.351128425073,0.011090225086556002,0.0,0.0,0.0,0.0,,35701005.7,32725693.07104773,38676318.328952275,2975312.628952271,8.333974269392279,28340455.9,28096269.12648399,28584642.673516005,244186.77351600735,0.861619073375624,8589.4,8539.558106849267,8639.241893150733,49.84189315073287,0.5802721162215391,8591.2,8541.350578155276,8641.049421844726,49.849421844724695,0.5802381721380563,28378140761.7,28188532040.60978,28567749482.790222,189608721.09022132,0.6681506117064688,238191383.6,232167035.004948,244215732.195052,6024348.595052012,2.529205088782234,54323405.3,51091826.89249249,57554983.707507506,3231578.40750751,5.948777308162436,17500884.9,16661000.97444704,18340768.825552955,839883.9255529583,4.799094047827024,20809918224.5,20679118307.812496,20940718141.187504,130799916.68750529,0.6285460388475315,57736218321.0,57355343001.03242,58117093640.96758,380875319.9675849,0.659681792544857,14293908.3,12944111.305305345,15643705.294694657,1349796.9946946553,9.443162544247295,0.0,0.0,0.0,0.0,,10051984035.3,9982596474.222878,10121371596.377121,69387561.07712215,0.690287219253938,59236763.3,58016256.561611846,60457270.03838815,1220506.7383881544,2.0603872838341837
USA,6LVBQ,10,25666886.3,25663720.478117846,25670052.121882156,3165.8218821546434,0.012334265423362408,25666886.3,25663720.478117846,25670052.121882156,3165.8218821546434,0.012334265423362408,0.0,0.0,0.0,0.0,,37554600.1,33962287.092083156,41146913.10791685,3592313.0079168477,9.56557385340617,29619854.3,29186876.312786754,30052832.287213247,432977.98721324827,1.4617829744464619,9032.4,8971.029955791937,9093.770044208062,61.370044208062936,0.6794433839075211,9034.4,8972.998462786984,9095.801537213016,61.401537213016624,0.67964156128815,30754784525.5,30505518436.868076,31004050614.131924,249266088.63192472,0.8104953179732033,233610723.1,225842095.31826657,241379350.88173342,7768627.781733432,3.325458557143361,51912997.6,48254129.95267797,55571865.24732203,3658867.6473220303,7.048076236156377,16696208.1,15752900.001289623,17639516.198710375,943308.0987103762,5.649834339992302,21852709314.6,21687029573.141155,22018389056.05884,165679741.45884293,0.7581656767298449,62554476905.8,62062642811.93447,63046310999.665535,491834093.86553156,0.7862492313798393,13182777.0,11578143.295932177,14787410.704067823,1604633.7040678225,12.172197891747865,0.0,0.0,0.0,0.0,,10803345766.1,10713855616.360706,10892835915.839294,89490149.73929499,0.8283558786029753,61401130.5,59757220.80802536,63045040.19197464,1643909.6919746434,2.6773280533892505
USA,1LVBQDK,10,23947347.0,23947347.0,23947347.0,0.0,0.0,23947347.0,23947347.0,23947347.0,0.0,0.0,1716719.0,1712768.682690165,1720669.317309835,3950.3173098349444,0.23010855648681844,23448773.4,20756195.496499006,26141351.30350099,2692577.903500993,11.482809175430015,0.0,0.0,0.0,0.0,,5662.6,5552.2539203249125,5772.946079675088,110.34607967508792,1.9486822250395208,5663.9,5553.4615944042735,5774.338405595726,110.4384055957262,1.9498650328523843,11292274496.0,11255513584.035166,11329035407.964834,36760911.964834,0.3255403681327053,374624584.8,368837053.09646547,380412116.50353456,5787531.703534548,1.5448883864961305,78763446.9,75221273.89527267,82305619.90472734,3542173.0047273273,4.4972295451017485,21753824.6,20683450.38953791,22824198.81046209,1070374.2104620906,4.9203955173109675,13219132661.5,13009533084.390251,13428732238.609749,209599577.10974917,1.5855773784629341,22132380861.4,22082848816.792828,22181912906.007175,49532044.60717401,0.22379898898974948,20688587.9,19467024.03971294,21910151.760287058,1221563.860287059,5.904529908912049,2.1,-2.6505300417560815,6.850530041756082,4.750530041756082,226.21571627409912,3543460823.5,3538728996.4578595,3548192650.5421405,4731827.042140407,0.13353688040683953,59009373.9,58552554.280523896,59466193.5194761,456819.61947610293,0.7741475451853641
USA,2LVBQDK,10,23947347.0,23947347.0,23947347.0,0.0,0.0,23947347.0,23947347.0,23947347.0,0.0,0.0,1717242.9,1714508.3046223873,1719977.4953776125,2734.595377612607,0.15924336490851743,40913429.8,35179959.83088283,46646899.76911716,5733469.969117163,14.013662499439642,40190.7,34566.76384089713,45814.63615910286,5623.936159102867,13.993128159257907,6050.3,5905.051012381284,6195.548987618717,145.2489876187169,2.4006906701934927,6051.3,5905.968437311788,6196.631562688212,145.3315626882126,2.4016585310299043,14004840404.2,13935555556.62012,14074125251.779882,69284847.57988188,0.4947207221233567,409618895.8,395962449.05379856,423275342.54620147,13656446.746201443,3.3339396415123685,73496153.3,67308770.78004265,79683535.81995735,6187382.519957355,8.41864810897165,20488991.5,19316925.908911478,21661057.091088522,1172065.5910885225,5.720465016975201,14326725269.1,14036927302.890974,14616523235.309027,289797966.20902663,2.0227788330251943,26767533520.6,26683818712.685623,26851248328.514374,83714807.91437344,0.3127475598375452,20791358.3,18541209.199657477,23041507.400342524,2250149.100342522,10.822520914097861,0.0,0.0,0.0,0.0,,3945236892.2,3934909700.4911036,3955564083.908896,10327191.70889638,0.26176353894778626,59464426.3,58809151.49478805,60119701.10521194,655274.805211947,1.1019610311315609
USA,3LVBQDK,10,23947347.0,23947347.0,23947347.0,0.0,0.0,23947347.0,23947347.0,23947347.0,0.0,0.0,1718733.2,1715584.3921125971,1721882.0078874028,3148.8078874029175,0.1832051587415032,38118394.8,34203848.89208298,42032940.70791701,3914545.907917012,10.269440590181969,24501861.0,24443827.677816473,24559894.322183527,58033.32218352887,0.23685271165128588,7222.0,7048.375282743259,7395.624717256741,173.62471725674092,2.404108519201619,7223.4,7049.755241814437,7397.044758185562,173.64475818556284,2.403920012536518,19906593442.2,19843759114.25281,19969427770.14719,62834327.9471892,0.31564580916183615,418443312.7,402603445.57995546,434283179.8200445,15839867.120044526,3.7854272345369777,73859753.0,68063213.6915867,79656292.3084133,5796539.308413301,7.848035056945426,19978256.6,18529408.627408046,21427104.572591957,1448847.972591954,7.252124154777119,17444692476.0,17095506356.572052,17793878595.427948,349186119.42794865,2.001675408771755,37878537594.4,37806932164.887505,37950143023.9125,71605429.51249462,0.1890395829935125,21633363.8,19611847.75008142,23654879.84991858,2021516.049918581,9.344436993744731,2.1,-2.6505300417560815,6.850530041756082,4.750530041756082,226.21571627409912,5311060235.9,5303013439.533209,5319107032.26679,8046796.366790302,0.1515101695212973,63276468.7,62360056.11080042,64192881.28919958,916412.5891995805,1.4482675914554954
USA,4LVBQDK,10,23947347.0,23947347.0,23947347.0,0.0,0.0,23947347.0,23947347.0,23947347.0,0.0,0.0,1718111.4,1716068.093077478,1720154.7069225218,2043.3069225220227,0.11892749926006095,35509299.2,31017413.23749312,40001185.162506886,4491885.962506885,12.64988626558669,25450106.8,25250448.534700543,25649765.06529946,199658.26529945846,0.784508555773363,7911.1,7723.979062661157,8098.220937338844,187.12093733884348,2.365296069305703,7912.3,7725.117813504872,8099.482186495128,187.1821864951284,2.365711442881696,22690057601.5,22608702493.53346,22771412709.46654,81355107.96654181,0.35854958764478223,436008063.1,418395760.8181657,453620365.3818343,17612302.281834304,4.0394441691310785,75327774.0,68616378.39647904,82039169.60352096,6711395.603520959,8.909589713245685,20811464.7,19306860.40189631,22316068.99810369,1504604.298103689,7.229689595579926,19186214819.8,18801259055.428368,19571170584.17163,384955764.37163156,2.006418504051986,43082250172.9,42979999544.43427,43184500801.36573,102250628.46572623,0.23733818000538162,22437295.0,20019944.839672346,24854645.160327654,2417350.160327655,10.773803884682422,0.0,0.0,0.0,0.0,,5769832046.0,5758408743.183035,5781255348.816965,11423302.816964898,0.19798328141777075,64525686.9,63486988.37435881,65564385.42564119,1038698.5256411865,1.609744236044989
USA,5LVBQDK,10,23947347.0,23947347.0,23947347.0,0.0,0.0,23947347.0,23947347.0,23947347.0,0.0,0.0,1718127.9,1716188.6813375067,1720067.118662493,1939.21866249318,0.11286812014944755,34624825.2,30582339.095955327,38667311.30404468,4042486.1040446777,11.675109060318599,26807547.9,26438455.331933994,27176640.468066003,369092.5680660054,1.376823309027848,8356.4,8174.31447466011,8538.48552533989,182.08552533988941,2.178994846343993,8357.7,8175.804479637177,8539.595520362824,181.89552036282367,2.1763825019182748,25153115179.0,25064853330.05484,25241377027.94516,88261848.94515994,0.3508982816523998,442906781.6,422739441.94231135,463074121.2576887,20167339.657688674,4.553405026862356,71987496.6,64822108.56289964,79152884.63710034,7165388.037100351,9.953656364680906,20019985.3,18379809.90957281,21660160.69042719,1640175.390427192,8.192690283479838,20390864645.6,20010655482.873642,20771073808.326355,380209162.72635484,1.8646053972429144,47658031861.3,47543251471.39786,47772812251.20215,114780389.90214461,0.24084164918138454,21241038.9,18725773.137183234,23756304.662816763,2515265.762816765,11.84153832897865,0.0,0.0,0.0,0.0,,6176752588.1,6163139089.454893,6190366086.745108,13613498.645107241,0.22039896290058175,72201743.4,70744522.27846417,73658964.52153584,1457221.121535845,2.018263068057502
USA,6LVBQDK,10,23947347.0,23947347.0,23947347.0,0.0,0.0,23947347.0,23947347.0,23947347.0,0.0,0.0,1717986.4,1715537.9950744417,1720434.8049255582,2448.4049255582254,0.1425159666897378,29584356.4,27037797.279280704,32130915.520719294,2546559.120719295,8.607789489445492,27406511.4,27065029.548342757,27747993.25165724,341481.85165724234,1.245988030629985,8881.8,8756.785118199528,9006.81488180047,125.01488180047085,1.4075399333521454,8883.2,8758.202402624845,9008.197597375156,124.99759737515461,1.407123529529388,27130663896.6,27066028829.179882,27195298964.020115,64635067.420117065,0.23823621739023165,472103944.1,456368181.64718,487839706.55282,15735762.452820007,3.3331139571007045,76915662.2,71682593.87537241,82148730.5246276,5233068.324627596,6.80364463484733,20977886.4,19833045.372724663,22122727.427275334,1144841.0272753355,5.457370706685377,21678856018.2,21418828511.402176,21938883524.997826,260027506.79782477,1.1994521601117902,51380041084.2,51290469951.76181,51469612216.63818,89571132.43818848,0.17433059715036453,23335297.4,21545983.87900092,25124610.920999076,1789313.5209990777,7.6678410835213,0.0,0.0,0.0,0.0,,6503807837.1,6493051057.607068,6514564616.592933,10756779.49293227,0.1653920251390551,71738284.9,70424086.72877505,73052483.07122496,1314198.1712249492,1.8319341939340803
USA,BINH,10,25666899.3,25664231.197787404,25669567.402212597,2668.1022125954987,0.010395109208206925,25666899.3,25664231.197787404,25669567.402212597,2668.1022125954987,0.010395109208206925,0.0,0.0,0.0,0.0,,0.0,0.0,0.0,0.0,,0.0,0.0,0.0,0.0,,10522.7,10321.618092423467,10723.781907576535,201.0819075765335,1.9109345279874317,10524.4,10323.350005308643,10725.449994691357,201.04999469135774,1.9103226282862467,33259987438.2,32866487435.430283,33653487440.96972,393500002.7697163,1.1831032813854008,273871845.9,258990365.6317029,288753326.16829705,14881480.268297082,5.43373862303861,54327027.0,50278556.33197296,58375497.66802704,4048470.6680270433,7.4520379479389565,17474323.3,16558284.879431613,18390361.72056839,916038.4205683876,5.2421968212548045,25571850896.9,25064555743.1234,26079146050.6766,507295153.77660024,1.9838030333506211,66346963960.8,65581868600.42649,67112059321.173515,765095360.3735099,1.1531731291058829,14522868.8,12770054.539541697,16275683.060458304,1752814.2604583031,12.069338948089259,19.3,16.775331707719438,21.824668292280563,2.5246682922805608,13.08118286155731,10853438992.6,10740016065.562277,10966861919.637724,113422927.03772269,1.0450413653686703,151389413.1,149599854.69458672,153178971.50541326,1789558.405413259,1.1820895323975988
USA,FIBH,10,23947347.0,23947347.0,23947347.0,0.0,0.0,23947347.0,23947347.0,23947347.0,0.0,0.0,1717470.9,1714279.3082747424,1720662.4917252574,3191.591725257364,0.18583090550514506,0.0,0.0,0.0,0.0,,0.0,0.0,0.0,0.0,,17382.2,16959.49087547261,17804.909124527392,422.7091245273904,2.4318505397900747,17384.2,16961.415017443767,17806.984982556234,422.7849825562345,2.432007124608751,50049336111.2,49511065118.93004,50587607103.469955,538270992.2699572,1.0754807837491043,751072963.9,686799227.0243567,815346700.7756432,64273736.87564324,8.557588938083628,126469311.6,114476217.77203454,138462405.42796543,11993093.827965451,9.4830071234178,34931715.1,32375172.400775883,37488257.79922412,2556542.699224119,7.318686448419244,43042415339.7,42048793130.50747,44036037548.892525,993622209.1925281,2.3084722391869694,72690867475.1,71981686076.94853,73400048873.25148,709181398.1514684,0.9756127871144142,40188662.1,36814178.79353343,43563145.40646657,3374483.3064665683,8.396605236745536,0.0,0.0,0.0,0.0,,9749215237.9,9675305856.759094,9823124619.040905,73909381.14090511,0.7581059535292949,256348999.0,252762132.95322335,259935865.04677665,3586866.046776638,1.3992120354550859
MEM3,1LVBQ,10,144827.9,144751.7396263116,144904.06037368838,76.16037368837706,0.05258681075150373,144827.9,144751.7396263116,144904.06037368838,76.16037368837706,0.05258681075150373,0.0,0.0,0.0,0.0,,1866.6,1668.1437256433173,2065.0562743566825,198.45627435668263,10.631965839316546,0.0,0.0,0.0,0.0,,32.2,31.89837904496787,32.50162095503214,0.3016209550321322,0.9367110404724602,32.2,31.89837904496787,32.50162095503214,0.3016209550321322,0.9367110404724602,83845686.8,83670518.54715167,84020855.05284832,175168.25284832533,0.20891742859255263,1804740.7,1799535.8869128865,1809945.5130871134,5204.81308711336,0.2883967257519798,505196.8,503738.01013405557,506655.5898659444,1458.7898659444213,0.28875675102146753,84460.3,82565.41780960877,86355.18219039124,1894.8821903912349,2.2435181859302356,87005992.2,86682914.963397,87329069.43660301,323077.2366030118,0.37132757001420846,190704861.2,189032515.35673237,192377207.0432676,1672345.8432676166,0.8769287960172966,52480.7,51675.372823180085,53286.02717681991,805.3271768199122,1.534520646294566,0.0,0.0,0.0,0.0,,34877844.0,34638977.471787244,35116710.528212756,238866.52821275443,0.684866094970648,192114.2,190179.05818795337,194049.34181204665,1935.141812046642,1.0072872343880057
MEM3,2LVBQ,10,147914.0,144574.07323074818,151253.92676925182,3339.9267692518238,2.25801936885746,147914.0,144574.07323074818,151253.92676925182,3339.9267692518238,2.25801936885746,0.0,0.0,0.0,0.0,,5004.1,4889.502170505635,5118.697829494366,114.59782949436541,2.290078725332535,163.4,160.59476296108443,166.20523703891558,2.8052370389155814,1.7167913334856677,34.6,33.99675808993574,35.203241910064264,0.6032419100642644,1.7434737285094346,34.7,33.94218672930084,35.45781327069916,0.7578132706991564,2.1838999155595284,105169000.1,103003090.98921935,107334909.21078064,2165909.1107806466,2.059455836530908,1606013.3,1576239.236041289,1635787.363958711,29774.063958710965,1.8539114189596664,495023.0,485809.23291962827,504236.76708037173,9213.767080371712,1.861280603198581,76761.4,75123.14313110181,78399.65686889818,1638.2568688981833,2.134219632390998,87903242.7,87699366.16552036,88107119.23447965,203876.5344796529,0.23193289373345596,222384453.1,220936646.7639527,223832259.4360473,1447806.3360472945,0.6510375684384092,42183.1,41500.62173034398,42865.57826965602,682.4782696560192,1.617895009271531,0.0,0.0,0.0,0.0,,41876472.4,41363149.16193181,42389795.638068184,513323.2380681871,1.2258034372259758,178577.3,176397.07756798304,180757.52243201694,2180.2224320169407,1.2208844192497819
MEM3,3LVBQ,10,144846.1,144706.34560996518,144985.85439003483,139.75439003482518,0.0964847448670176,144846.1,144706.34560996518,144985.85439003483,139.75439003482518,0.0964847448670176,0.0,0.0,0.0,0.0,,3744.2,3718.0184150197774,3770.381584980222,26.18158498022217,0.699257117147112,145153.7,145015.8960029486,145291.50399705142,137.80399705140826,0.09493660654286336,43.0,43.0,43.0,0.0,0.0,43.0,43.0,43.0,0.0,0.0,147242031.3,146484271.95514694,147999790.6448531,757759.3448530695,0.5146352153408994,1627497.7,1618008.9046906342,1636986.4953093657,9488.795309365827,0.5830297216005791,496828.3,492462.8417242197,501193.7582757803,4365.458275780334,0.8786653811347569,80797.0,78875.5683660843,82718.4316339157,1921.4316339156956,2.378097743623768,109998189.5,109647447.35016598,110348931.64983402,350742.1498340203,0.3188617480236075,313188560.5,310591252.909087,315785868.090913,2597307.590912989,0.8293111302553431,41561.0,41008.557527282734,42113.442472717266,552.4424727172665,1.32923286907742,0.0,0.0,0.0,0.0,,55304381.3,55145361.99043282,55463400.60956717,159019.30956717746,0.2875347410625087,188199.0,186402.72809418384,189995.27190581616,1796.2719058161747,0.9544534805265568
MEM3,4LVBQ,10,144776.4,144675.2781167025,144877.52188329748,101.12188329748129,0.06984693865677093,144776.4,144675.2781167025,144877.52188329748,101.12188329748129,0.06984693865677093,0.0,0.0,0.0,0.0,,3764.1,3750.6598755001464,3777.5401244998534,13.440124499853528,0.3570607714952719,145275.6,145175.2372418386,145375.96275816142,100.3627581614038,0.06908438730344517,48.1,47.873784283725904,48.3262157162741,0.22621571627409912,0.47030294443679654,48.1,47.873784283725904,48.3262157162741,0.22621571627409912,0.47030294443679654,166589203.4,165751733.1010364,167426673.6989636,837470.2989636066,0.5027158314412149,1666537.3,1655259.7231755648,1677814.8768244353,11277.576824435246,0.6767071354739702,493426.9,487767.1479328694,499086.65206713066,5659.752067130665,1.1470294925409752,81931.7,80692.5530652422,83170.84693475779,1239.1469347577945,1.5124145291233972,123407350.2,122827447.07272741,123987253.3272726,579903.1272725891,0.46990971472345017,356124496.1,353501498.9774249,358747493.2225751,2622997.122575084,0.7365393707257208,42736.5,40719.547422572556,44753.452577427444,2016.9525774274462,4.719508095954152,0.0,0.0,0.0,0.0,,61523117.2,61163358.48198178,61882875.91801823,359758.7180182256,0.5847537224889274,211455.4,206987.6444371604,215923.1555628396,4467.755562839589,2.112859526330181
MEM3,5LVBQ,10,144732.6,144631.4039220636,144833.79607793642,101.1960779364216,0.06991933948289578,144732.6,144631.4039220636,144833.79607793642,101.1960779364216,0.06991933948289578,0.0,0.0,0.0,0.0,,3830.7,3811.5018499059315,3849.898150094068,19.198150094068495,0.5011655857694024,145405.6,145304.3735853853,145506.8264146147,101.22641461470936,0.06961658602881138,52.4,52.030591282220165,52.76940871777983,0.36940871777983697,0.7049784690454904,52.4,52.030591282220165,52.76940871777983,0.36940871777983697,0.7049784690454904,187618936.4,186908166.8791146,188329705.9208854,710769.520885416,0.37883677123617676,1727441.5,1716383.525883627,1738499.474116373,11057.97411637302,0.6401359534533019,501677.8,495256.20814227854,508099.39185772144,6421.591857721454,1.280023125942877,85592.8,82783.01541753048,88402.58458246953,2809.7845824695296,3.2827347422558084,131602256.8,131014920.77689652,132189592.82310347,587336.0231034819,0.4462963154165923,393804578.0,389251444.2908816,398357711.7091184,4553133.709118405,1.1561911576148323,41008.4,39030.69008537786,42986.109914622146,1977.7099146221444,4.822694654319955,0.0,0.0,0.0,0.0,,68414298.6,67955423.03888492,68873174.16111507,458875.56111507065,0.6707304912939218,219774.3,215438.14557389094,224110.45442610903,4336.154426109032,1.9730034067263698
MEM3,6LVBQ,10,144754.8,144646.43409273386,144863.1659072661,108.36590726613052,0.07486170217922344,144754.8,144646.43409273386,144863.1659072661,108.36590726613052,0.07486170217922344,0.0,0.0,0.0,0.0,,3825.5,3802.4372118823844,3848.5627881176156,23.06278811761558,0.602869902434076,145426.4,145316.14464749704,145536.65535250294,110.25535250294047,0.07581522509182685,52.7,52.21717088807903,53.182829111920974,0.4828291119209722,0.916184273094824,52.7,52.21717088807903,53.182829111920974,0.4828291119209722,0.916184273094824,190765009.8,189128456.84341696,192401562.75658306,1636552.9565830647,0.8578894831388857,1751152.6,1737354.4584823267,1764950.7415176735,13798.14151767347,0.7879462656580284,500085.8,495471.21073943994,504700.38926056004,4614.589260560079,0.9227595065806867,84180.6,81946.80960391986,86414.39039608015,2233.7903960801505,2.6535691074667445,131522984.5,131098980.65620889,131946988.34379111,424003.84379110707,0.32238003524859726,400466348.7,395992845.9502286,404939851.4497714,4473502.749771435,1.1170733232126464,41092.4,39748.926667673586,42435.87333232642,1343.4733323264127,3.2693961227049586,0.0,0.0,0.0,0.0,,69264326.9,68764826.80767773,69763826.99232228,499500.0923222735,0.7211505758850786,215365.9,211304.43156634705,219427.36843365294,4061.468433652947,1.8858456392831675
MEM3,1LVBQDK,10,100000.0,100000.0,100000.0,0.0,0.0,100000.0,100000.0,100000.0,0.0,0.0,44798.5,44730.90119059782,44866.09880940218,67.59880940218272,0.15089525185482267,2108.8,1935.3260568316175,2282.273943168383,173.4739431683827,8.22619229743848,0.0,0.0,0.0,0.0,,29.5,29.122973806209835,29.877026193790165,0.3770261937901652,1.27805489420395,29.5,29.122973806209835,29.877026193790165,0.3770261937901652,1.27805489420395,67659220.2,67498683.65617464,67819756.74382536,160536.54382536295,0.23727223481266627,2123069.1,2117756.5599009683,2128381.640099032,5312.540099031782,0.2502292600382994,693695.2,688396.700073702,698993.6999262979,5298.49992629789,0.7638080710804818,91094.9,89736.48189852595,92453.31810147404,1358.4181014740432,1.491212023366888,74420821.4,73554473.586601,75287169.21339901,866347.8133989995,1.1641201979517515,143846365.9,142431796.30251437,145260935.49748564,1414569.5974856175,0.9833891795841451,55328.9,54283.77232218842,56374.02767781158,1045.127677811582,1.8889363023873273,0.0,0.0,0.0,0.0,,22987855.4,22830592.635010183,23145118.164989814,157262.76498981623,0.6841123813133793,178842.4,176604.68449155366,181080.11550844632,2237.7155084463207,1.2512220303721717
MEM3,2LVBQDK,10,100572.8,100217.35266150707,100928.24733849293,355.4473384929353,0.3534229319387899,100572.8,100217.35266150707,100928.24733849293,355.4473384929353,0.3534229319387899,45823.3,45193.234016647446,46453.36598335256,630.0659833525564,1.374990416125762,4973.1,4894.077288474356,5052.122711525645,79.02271152564471,1.5890030670134263,162.5,159.61384047615027,165.38615952384973,2.8861595238497286,1.7760981685229098,33.1,32.873784283725904,33.3262157162741,0.22621571627409912,0.683431166991236,33.1,32.873784283725904,33.3262157162741,0.22621571627409912,0.683431166991236,81959773.9,81543777.24184717,82375770.55815284,415996.6581528367,0.5075619884705864,2324291.8,2307644.826040435,2340938.7739595645,16646.973959564853,0.7162170412322951,721775.7,717182.346793256,726369.0532067439,4593.353206743993,0.6363962110035005,90992.5,89509.72066907454,92475.27933092546,1482.7793309254655,1.6295621407538703,86488233.9,86382343.0752356,86594124.7247644,105890.8247644077,0.12243379242411342,174415372.0,173180828.7183965,175649915.2816035,1234543.2816034914,0.7078179333892034,54627.2,53683.23887484576,55571.161125154234,943.9611251542407,1.7280056915863171,0.0,0.0,0.0,0.0,,25220613.8,25041340.243706968,25399887.356293034,179273.55629303269,0.7108215434988052,181390.1,179985.802284514,182794.397715486,1404.2977154859905,0.7741865269857563
MEM3,3LVBQDK,10,100000.0,100000.0,100000.0,0.0,0.0,100000.0,100000.0,100000.0,0.0,0.0,44803.0,44712.143727477494,44893.856272522506,90.85627252250687,0.2027906000100593,3351.7,3330.1228993008103,3373.2771006991893,21.577100699189476,0.6437658710263292,100335.1,100332.3718305419,100337.82816945811,2.7281694580967955,0.0027190578950903477,39.3,38.954449785595095,39.6455502144049,0.3455502144049043,0.8792626320735479,39.3,38.954449785595095,39.6455502144049,0.3455502144049043,0.8792626320735479,113584823.7,113233676.22507885,113935971.17492115,351147.4749211529,0.3091499933552768,2544091.1,2537651.5042612436,2550530.6957387566,6439.595738756536,0.2531196991631524,725892.6,721432.5273428446,730352.6726571553,4460.072657155282,0.6144259711636794,94027.8,92773.27527657014,95282.32472342986,1254.5247234298547,1.3342061852237899,101826199.0,100664380.78981246,102988017.21018754,1161818.210187544,1.1409816153380568,231722441.2,229770802.43892136,233674079.9610786,1951638.7610786161,0.8422312275720217,57618.6,56211.86943640578,59025.330563594216,1406.7305635942148,2.441452176196948,0.0,0.0,0.0,0.0,,32412967.4,32229694.91814093,32596239.881859068,183272.48185907002,0.565429507262794,190568.8,189217.60356401582,191919.99643598415,1351.196435984173,0.7090333968541404
MEM3,4LVBQDK,10,100000.0,100000.0,100000.0,0.0,0.0,100000.0,100000.0,100000.0,0.0,0.0,44773.3,44671.59342626236,44875.00657373764,101.70657373764048,0.22715898479147276,3210.9,3188.009945183265,3233.7900548167354,22.89005481673516,0.7128859452718913,100510.7,100508.02231760835,100513.37768239164,2.6776823916492933,0.002664076950662261,42.6,42.23059128222017,42.969408717779835,0.36940871777983697,0.8671566145066595,42.6,42.23059128222017,42.969408717779835,0.36940871777983697,0.8671566145066595,129527091.3,129066372.06595069,129987810.5340493,460719.23404931126,0.35569333752908205,2767793.6,2761310.8698563054,2774276.3301436948,6482.730143694542,0.2342201435719246,736235.3,730908.9975219955,741561.6024780046,5326.302478004611,0.7234511137953601,94956.2,92633.98770185356,97278.41229814643,2322.21229814644,2.4455615306282685,110025991.6,109871655.72728792,110180327.47271207,154335.87271207242,0.14027219429492732,263322696.3,260805968.88201064,265839423.7179894,2516727.417989377,0.9557578793444007,55768.5,53866.97703517095,57670.02296482905,1901.5229648290504,3.409672063672235,0.0,0.0,0.0,0.0,,35116566.8,34920408.39230213,35312725.20769786,196158.40769786757,0.5585922132281667,217541.2,212280.75555857082,222801.6444414292,5260.444441429191,2.4181370891717022
MEM3,5LVBQDK,10,100000.0,100000.0,100000.0,0.0,0.0,100000.0,100000.0,100000.0,0.0,0.0,44795.2,44644.20421484975,44946.195785150245,150.99578515024902,0.33708027902598725,3096.5,3082.8092241706313,3110.1907758293687,13.69077582936853,0.442137117047264,100675.2,100671.04517818702,100679.35482181297,4.154821812981337,0.004126956602004601,45.2,44.89837904496787,45.50162095503214,0.3016209550321322,0.6673029978586996,45.2,44.89837904496787,45.50162095503214,0.3016209550321322,0.6673029978586996,142313441.6,141790625.36868894,142836257.83131105,522816.23131104256,0.3673695368709589,2990700.2,2984211.1472861217,2997189.2527138786,6489.052713878511,0.21697436319021582,752545.0,747863.6917390777,757226.3082609223,4681.308260922339,0.6220635657565114,95285.9,94237.33081952282,96334.46918047717,1048.569180477177,1.100445270997259,111874060.7,111080483.5701674,112667637.8298326,793577.129832593,0.7093486415592252,274518999.0,271362912.2853726,277675085.7146274,3156086.714627409,1.1496787931342445,53802.7,51254.865795631835,56350.53420436816,2547.834204368162,4.735513653344836,0.0,0.0,0.0,0.0,,36741074.1,36623715.8748285,36858432.3251715,117358.2251714997,0.31941969048613006,222431.7,220015.15928760817,224848.24071239185,2416.5407123918376,1.0864192075103671
MEM3,6LVBQDK,10,100000.0,100000.0,100000.0,0.0,0.0,100000.0,100000.0,100000.0,0.0,0.0,44782.8,44670.04216158908,44895.557838410925,112.75783841092306,0.2517882723074999,3095.6,3073.7319607302243,3117.4680392697755,21.86803926977555,0.7064232869161245,100672.0,100668.05291207494,100675.94708792506,3.9470879250540336,0.003920740548567659,45.7,45.3544497855951,46.045550214404905,0.34555021440490435,0.7561273838181715,45.7,45.3544497855951,46.045550214404905,0.34555021440490435,0.7561273838181715,143150580.0,142421867.22617763,143879292.77382237,728712.7738223621,0.5090533156221666,2985005.3,2970924.4857530994,2999086.1142469,14080.814246900216,0.4717182326912524,751624.6,745179.4244403698,758069.7755596301,6445.175559630177,0.857499283502719,96581.2,94260.02281796899,98902.377182031,2321.1771820310028,2.403342660922626,112780454.9,111254764.44909596,114306145.35090405,1525690.4509040401,1.35279685851315,275579833.2,271338227.8452782,279821438.5547218,4241605.354721778,1.5391566594219777,54943.6,52377.86891625004,57509.33108374996,2565.7310837499617,4.669754227516875,0.0,0.0,0.0,0.0,,36803804.6,36529458.39749988,37078150.80250012,274346.20250012306,0.7454289182377711,222451.0,216872.32020562762,228029.67979437238,5578.67979437237,2.5078241025539874
MEM3,BINH,10,144806.1,144687.97993785367,144924.22006214634,118.12006214634012,0.08157119219862982,144806.1,144687.97993785367,144924.22006214634,118.12006214634012,0.08157119219862982,0.0,0.0,0.0,0.0,,0.0,0.0,0.0,0.0,,0.0,0.0,0.0,0.0,,76.9,76.67378428372591,77.1262157162741,0.22621571627409914,0.29416868176085714,76.9,76.67378428372591,77.1262157162741,0.22621571627409914,0.29416868176085714,252632319.5,252423020.3881907,252841618.6118093,209299.11180932072,0.08284732223634622,2614381.7,2574063.083660037,2654700.3163399636,40318.61633996344,1.5421855324325227,717769.8,705584.1530892341,729955.446910766,12185.64691076585,1.6977096153621745,81637.3,79540.19386975186,83734.40613024814,2097.106130248134,2.568808780114156,195419103.4,194619112.33062667,196219094.46937335,799991.0693733492,0.40937198843649447,518510503.3,517027012.8529875,519993993.7470125,1483490.4470124645,0.2861061516731024,44906.4,44335.62186946394,45477.178130536064,570.7781305360598,1.271039608020371,0.0,0.0,0.0,0.0,,81982734.5,81772061.62460388,82193407.37539612,210672.87539611355,0.2569722474871993,1164068.9,1161014.8276132648,1167122.972386735,3054.072386735113,0.26236182297586624
MEM3,FIBH,10,100000.0,100000.0,100000.0,0.0,0.0,100000.0,100000.0,100000.0,0.0,0.0,44891.2,44772.27190542101,45010.128094578984,118.92809457898706,0.2649251848446623,0.0,0.0,0.0,0.0,,0.0,0.0,0.0,0.0,,95.3,94.95444978559509,95.6455502144049,0.3455502144049043,0.3625920402989552,95.4,95.03059128222017,95.76940871777984,0.36940871777983697,0.3872208781759297,245619415.3,245442812.98306412,245796017.6169359,176602.316935894,0.0719007968975871,4845783.7,4700802.63451718,4990764.765482821,144981.06548282006,2.991901299325846,1482108.3,1409804.5449133255,1554412.0550866746,72303.75508667462,4.878439388449185,198257.3,193099.2213453666,203415.3786546334,5158.078654633391,2.601709321489494,243948616.9,243115007.12406018,244782226.67593983,833609.7759398327,0.34171531141803846,376211054.8,374988711.22703284,377433398.3729672,1222343.5729671551,0.3249089991831774,176803.2,174783.7972262905,178822.6027737095,2019.4027737094939,1.1421754661168428,0.0,0.0,0.0,0.0,,50758079.7,50602948.655428976,50913210.74457103,155131.04457102666,0.3056282772869098,1527240.7,1522159.7465761157,1532321.6534238842,5080.953423884207,0.33268845073891806
MEM4,1LVBQ,10,146778.8,146691.15341884794,146866.44658115203,87.64658115205562,0.05971337901117574,146778.8,146691.15341884794,146866.44658115203,87.64658115205562,0.05971337901117574,0.0,0.0,0.0,0.0,,26183.8,24429.437304362313,27938.162695637686,1754.3626956376877,6.700183684712256,0.0,0.0,0.0,0.0,,41.0,41.0,41.0,0.0,0.0,41.0,41.0,41.0,0.0,0.0,101160604.7,101027287.25154436,101293922.14845565,133317.44845564457,0.13178791175775226,2023645.6,2015870.3832757522,2031420.816724248,7775.216724247857,0.384218300094041,680835.3,679130.7583466547,682539.8416533454,1704.5416533453563,0.25036035195962314,107009.7,105580.84246975071,108438.55753024928,1428.8575302492827,1.3352598224733672,108106635.1,107240384.7997505,108972885.40024948,866250.3002494829,0.8012924456007631,228969674.4,227279770.84005374,230659577.95994627,1689903.5599462586,0.7380468895606109,70215.9,68136.80930186718,72294.99069813281,2079.09069813282,2.9609970079893873,0.0,0.0,0.0,0.0,,43063394.9,42824857.12372808,43301932.676271915,238537.7762719137,0.553922366840413,290528.5,289950.8414116073,291106.1585883927,577.6585883927257,0.1988302656685061
MEM4,2LVBQ,10,146793.2,146707.94751601684,146878.4524839832,85.25248398318327,0.05807658936734349,146793.2,146707.94751601684,146878.4524839832,85.25248398318327,0.05807658936734349,0.0,0.0,0.0,0.0,,32992.2,32754.380962099214,33230.01903790078,237.8190379007829,0.7208341301907206,280.5,277.57470432291115,283.42529567708885,2.9252956770888536,1.0428861593899657,35.0,35.0,35.0,0.0,0.0,35.0,35.0,35.0,0.0,0.0,106296420.9,106140083.25794864,106452758.54205137,156337.64205136755,0.1470770518213822,1693946.6,1689759.0791394797,1698134.1208605205,4187.520860520461,0.24720500991710484,494070.9,492700.8712063984,495440.92879360163,1370.0287936016164,0.27729396602827977,75279.9,74143.24895200104,76416.55104799895,1136.6510479989488,1.5098997846688809,87721186.0,87459569.16902377,87982802.83097623,261616.8309762289,0.2982367691383344,223540843.6,222483441.0456752,224598246.1543248,1057402.5543248027,0.47302431953638857,44012.9,43237.241127883484,44788.55887211652,775.6588721165158,1.7623443856608307,0.0,0.0,0.0,0.0,,42542780.3,42354333.24595432,42731227.354045674,188447.0540456769,0.4429589526514254,190687.3,189839.89479622908,191534.7052037709,847.4052037709133,0.44439519767226937
MEM4,3LVBQ,10,146718.3,146636.94753178066,146799.6524682193,81.35246821933735,0.05544807172611553,146718.3,146636.94753178066,146799.6524682193,81.35246821933735,0.05544807172611553,0.0,0.0,0.0,0.0,,28430.4,28341.0569150021,28519.743084997903,89.3430849978999,0.31425194509363175,148020.8,147938.73789524825,148102.86210475172,82.06210475173127,0.05543957656743598,44.7,44.21717088807903,45.182829111920974,0.4828291119209722,1.0801546127985955,44.7,44.21717088807903,45.182829111920974,0.4828291119209722,1.0801546127985955,150571851.2,149751580.82169616,151392121.5783038,820270.3783038127,0.5447700694164095,1655904.4,1649867.2745151129,1661941.525484887,6037.125484887013,0.36458176479795656,497089.3,495402.78975922096,498775.810240779,1686.5102407790243,0.3392771159586465,79803.7,76185.65733573295,83421.74266426705,3618.0426642670536,4.533677842339458,110155828.1,109192015.62037511,111119640.57962488,963812.4796248846,0.874953687198403,309804761.9,308039466.4109098,311570057.3890902,1765295.4890901803,0.5698090236779476,41141.3,40391.60884083214,41890.99115916787,749.6911591678657,1.8222349783985088,0.0,0.0,0.0,0.0,,55487666.4,55327746.60329687,55647586.19670313,159919.7967031322,0.2882078254116886,224230.8,218116.6851151364,230344.91488486357,6114.114884863575,2.7267060925009297
MEM4,4LVBQ,10,146844.9,146697.2757031556,146992.52429684438,147.6242968443759,0.10053076194295879,146844.9,146697.2757031556,146992.52429684438,147.6242968443759,0.10053076194295879,0.0,0.0,0.0,0.0,,27501.1,27445.297626850104,27556.902373149893,55.80237314989555,0.2029096041609083,149155.4,149006.51973160906,149304.28026839092,148.8802683909203,0.09981554029617452,49.6,49.23059128222017,49.969408717779835,0.36940871777983697,0.7447756406851551,49.6,49.23059128222017,49.969408717779835,0.36940871777983697,0.7447756406851551,172647176.7,171550249.63958776,173744103.76041222,1096927.0604122372,0.6353576591167258,1697000.4,1688514.2642440079,1705486.535755992,8486.135755991954,0.5000668094121813,497762.0,494371.97087907704,501152.02912092296,3390.029120922979,0.6810542228862346,80145.6,79008.8818346722,81282.31816532782,1136.7181653278096,1.4183163708647881,128969171.7,127847166.53712133,130091176.86287868,1122005.162878679,0.8699793509480058,371673894.4,369083761.0648769,374264027.73512304,2590133.335123034,0.6968833093064914,42888.8,41448.720715822776,44328.87928417723,1440.0792841772288,3.357704771822081,0.0,0.0,0.0,0.0,,63722359.8,63354612.505035706,64090107.09496429,367747.29496429476,0.5771087199509124,223151.0,219070.22280291942,227231.77719708058,4080.777197080586,1.8287066592041201
MEM4,5LVBQ,10,146867.9,146706.19260840816,147029.60739159182,161.70739159182867,0.11010397206729904,146867.9,146706.19260840816,147029.60739159182,161.70739159182867,0.11010397206729904,0.0,0.0,0.0,0.0,,27308.9,27229.716995043076,27388.083004956927,79.18300495692668,0.2899531103666815,150154.7,149993.3518000498,150316.04819995022,161.34819995022187,0.10745464507619265,54.0,54.0,54.0,0.0,0.0,54.0,54.0,54.0,0.0,0.0,195141374.7,194342383.97409698,195940365.425903,798990.7259030137,0.40944198898431444,1736666.6,1727722.6316653069,1745610.5683346933,8943.96833469317,0.5150077933607504,504628.0,499293.18305040593,509962.81694959407,5334.8169495940965,1.0571781489719352,83352.2,81652.58850666169,85051.8114933383,1699.611493338303,2.039072146072093,131020225.0,130156244.75702766,131884205.24297234,863980.2429723415,0.6594250948449688,394703324.4,392384636.44106025,397022012.3589397,2318687.958939719,0.5874508309410427,40732.9,39681.60934219603,41784.19065780397,1051.2906578039672,2.5809374186565823,0.0,0.0,0.0,0.0,,69307237.1,68953856.17458731,69660618.02541268,353380.9254126914,0.5098759382123622,229313.0,224676.37812506704,233949.62187493296,4636.621874932971,2.0219620671017218
MEM4,6LVBQ,10,146828.8,146640.01600084023,147017.58399915975,188.78399915976158,0.12857423009638544,146828.8,146640.01600084023,147017.58399915975,188.78399915976158,0.12857423009638544,0.0,0.0,0.0,0.0,,27438.4,27360.284976603034,27516.51502339697,78.11502339696654,0.284692341379113,151042.1,150861.6369883391,151222.5630116609,180.463011660913,0.11947861666443528,58.8,58.49837904496786,59.10162095503213,0.3016209550321322,0.5129608078777759,58.8,58.49837904496786,59.10162095503213,0.3016209550321322,0.5129608078777759,213558488.1,211913256.02062875,215203720.17937124,1645232.0793712577,0.7703894581801255,1782279.7,1767903.1448031513,1796656.2551968487,14376.555196848734,0.806638553805485,504094.1,500309.1287947011,507879.0712052989,3784.9712052989207,0.7508461625119042,85678.2,83201.09730536993,88155.30269463007,2477.1026946300726,2.891170326442517,151193412.3,149607644.51240373,152779180.0875963,1585767.787596274,1.0488339164207579,456863588.7,449817400.8686,463909776.53139997,7046187.831399961,1.5422957761746359,41943.4,39499.967959136535,44386.83204086347,2443.4320408634667,5.825545952077006,0.0,0.0,0.0,0.0,,76841781.8,76113692.33921312,77569871.26078688,728089.4607868731,0.9475176703761353,245599.1,242538.2179051655,248659.9820948345,3060.882094834495,1.2462920649279638
MEM4,1LVBQDK,10,100000.0,100000.0,100000.0,0.0,0.0,100000.0,100000.0,100000.0,0.0,0.0,46856.3,46753.4813969034,46959.118603096606,102.81860309660087,0.21943389276703637,26628.3,25067.08636368939,28189.51363631061,1561.2136363106115,5.862986508003183,0.0,0.0,0.0,0.0,,30.9,30.6737842837259,31.126215716274096,0.22621571627409912,0.7320896966799324,30.9,30.6737842837259,31.126215716274096,0.22621571627409912,0.7320896966799324,68850814.7,68752592.72404699,68949036.67595302,98221.97595300633,0.14265913392743967,2234668.0,2228054.0666264594,2241281.9333735406,6613.933373540419,0.2959693956122529,732061.6,730353.7516031553,733769.4483968447,1707.8483968446922,0.23329299021348643,90501.9,88748.21822714753,92255.58177285246,1753.681772852468,1.9377292331458986,80313157.3,79532840.1525273,81093474.44747269,780317.1474726989,0.9715931656850689,147004115.8,145730692.94683927,148277538.65316075,1273422.853160753,0.866249795953504,60227.6,58585.53620500642,61869.663794993576,1642.0637949935756,2.726430731082719,0.0,0.0,0.0,0.0,,23200836.6,23058191.681110807,23343481.518889196,142644.91888919505,0.6148266174556613,243027.3,240888.75956856788,245165.8404314321,2138.5404314321063,0.8799589311291803
MEM4,2LVBQDK,10,100000.0,100000.0,100000.0,0.0,0.0,100000.0,100000.0,100000.0,0.0,0.0,46918.7,46829.879126121356,47007.52087387864,88.82087387864293,0.18930804536068335,32392.3,32233.661982714508,32550.93801728549,158.6380172854929,0.4897398989435542,276.8,274.9284911916296,278.67150880837045,1.8715088083704219,0.6761231244112795,33.4,33.030591282220165,33.76940871777983,0.36940871777983697,1.1060141250893323,33.5,33.122973806209835,33.877026193790165,0.3770261937901652,1.125451324746762,82584254.3,82391157.98400567,82777350.61599432,193096.31599432617,0.2338173512990432,2399443.2,2392931.6777028795,2405954.722297121,6511.522297120705,0.27137638836879757,737393.7,735686.137652789,739101.2623472109,1707.5623472109621,0.23156725467154957,90658.6,88526.11584530122,92791.0841546988,2132.4841546987836,2.3522138602391647,86483507.7,86335077.61828926,86631937.78171074,148430.0817107421,0.17162819323382056,173631437.8,172703843.8462849,174559031.75371513,927593.9537151102,0.5342315685847014,54561.5,52343.99045529517,56779.00954470483,2217.509544704829,4.064238601770166,0.0,0.0,0.0,0.0,,25500011.1,25357611.296747264,25642410.90325274,142399.8032527386,0.5584303579096819,215964.9,215273.85630545949,216655.9436945405,691.0436945405174,0.31997963305172156
MEM4,3LVBQDK,10,100000.0,100000.0,100000.0,0.0,0.0,100000.0,100000.0,100000.0,0.0,0.0,46795.8,46708.274166936135,46883.32583306387,87.52583306386894,0.18703779626348718,26033.9,25946.04111759074,26121.758882409264,87.85888240926236,0.3374787581163881,101363.3,101357.31441973134,101369.28558026867,5.985580268663579,0.005905076362612088,41.0,40.662777520554876,41.337222479445124,0.3372224794451274,0.8224938523051888,41.0,40.662777520554876,41.337222479445124,0.3372224794451274,0.8224938523051888,116874582.3,116613690.30891402,117135474.29108597,260891.99108597692,0.2232238917580088,2581078.2,2577200.0072477665,2584956.392752234,3878.1927522337805,0.15025475602536104,732732.6,730461.7082135227,735003.4917864773,2270.8917864773066,0.30992094339426235,97078.5,93484.94545060204,100672.05454939796,3593.5545493979516,3.701699706318033,108301134.2,107243110.36899409,109359158.03100592,1058023.831005923,0.976927747637497,240181637.5,238389256.9354871,241974018.0645129,1792380.5645128957,0.7462604482047033,62375.2,61284.74863873537,63465.65136126462,1090.4513612646247,1.748213009761291,0.0,0.0,0.0,0.0,,32959695.9,32770232.86091818,33149158.939081818,189463.0390818205,0.5748324852773308,246454.6,241043.75907382398,251865.44092617603,5410.84092617601,2.195471671527336
MEM4,4LVBQDK,10,100000.0,100000.0,100000.0,0.0,0.0,100000.0,100000.0,100000.0,0.0,0.0,46741.0,46665.132436327825,46816.867563672175,75.86756367217474,0.16231480642727958,23794.0,23692.90072315885,23895.09927684115,101.09927684115041,0.4248939936166698,102271.1,102260.54084311223,102281.65915688778,10.559156887770273,0.010324673233953944,43.8,43.49837904496786,44.10162095503213,0.3016209550321322,0.6886323174249595,43.8,43.49837904496786,44.10162095503213,0.3016209550321322,0.6886323174249595,133080315.2,132605552.66459766,133555077.73540235,474762.5354023364,0.35674888107143315,2760730.9,2753024.2431476847,2768437.556852315,7706.656852314988,0.2791527726340509,745279.4,739248.1206610724,751310.6793389276,6031.27933892754,0.8092641952705978,97199.2,95711.94965978476,98686.45034021523,1487.2503402152306,1.5301055360694642,110188146.0,109974444.92359746,110401847.07640254,213701.0764025402,0.19394198392496795,261979885.4,259200351.6630368,264759419.13696322,2779533.736963226,1.0609721936168257,55210.4,53474.722312545346,56946.07768745466,1735.6776874546558,3.1437513357169227,0.0,0.0,0.0,0.0,,35851946.1,35718990.149554916,35984902.05044509,132955.9504450874,0.37084723399460706,243161.6,237379.28546640527,248943.91453359474,5782.314533594738,2.377971905759272
MEM4,5LVBQDK,10,100000.0,100000.0,100000.0,0.0,0.0,100000.0,100000.0,100000.0,0.0,0.0,46802.4,46605.89614688721,46998.903853112795,196.50385311279243,0.4198584968138224,22428.4,22356.008457327967,22500.791542672036,72.39154267203456,0.3227673069502709,103172.9,103167.41611545342,103178.38388454657,5.483884546566688,0.0053152373797447664,46.1,45.873784283725904,46.3262157162741,0.22621571627409912,0.4907065428939243,46.2,45.89837904496787,46.50162095503214,0.3016209550321322,0.6528592100262601,143845804.5,143246669.0749085,144444939.9250915,599135.4250914936,0.4165122696307028,2933140.7,2923737.333939572,2942544.0660604285,9403.366060428285,0.3205903508286624,755816.2,751908.2636206794,759724.1363793205,3907.936379320591,0.5170485072059308,95920.9,94789.00972364498,97052.79027635501,1131.8902763550145,1.1800246623572284,115942495.7,115380200.0089539,116504791.3910461,562295.6910461105,0.4849780812904396,284825418.1,282635127.20156395,287015708.9984361,2190290.8984360583,0.768994183541254,54777.7,52816.89736743284,56738.50263256716,1960.802632567157,3.5795636409837526,0.0,0.0,0.0,0.0,,37413989.9,37261550.284544766,37566429.51545523,152439.6154552322,0.40744014702166853,252994.6,247931.6194391052,258057.5805608948,5062.980560894783,2.001220801113851
MEM4,6LVBQDK,10,100000.0,100000.0,100000.0,0.0,0.0,100000.0,100000.0,100000.0,0.0,0.0,46776.6,46589.40075784613,46963.799242153866,187.1992421538697,0.40019847991061713,21609.9,21534.948975415144,21684.85102458486,74.95102458485636,0.3468365174519843,104053.0,104040.43195751545,104065.56804248455,12.568042484543598,0.012078500845284229,49.0,49.0,49.0,0.0,0.0,49.0,49.0,49.0,0.0,0.0,158551839.2,157964061.170256,159139617.229744,587778.0297440036,0.3707166266312246,3045453.5,3033485.501540306,3057421.498459694,11967.998459693865,0.3929791888036992,750120.8,744391.183221048,755850.4167789521,5729.61677895202,0.7638258769723515,96467.7,94803.34313986191,98132.05686013808,1664.3568601380864,1.7252996185646452,129279741.2,127879324.2029679,130680158.19703211,1400416.997032111,1.0832455139785746,316886132.3,311930220.8591111,321842043.74088895,4955911.440888934,1.5639407773758656,60763.8,57800.835049429996,63726.76495057001,2962.964950570007,4.876200880409071,0.0,0.0,0.0,0.0,,39992906.5,39748288.964293376,40237524.035706624,244617.53570662782,0.6116523081577675,266760.3,261520.7947031927,271999.80529680726,5239.50529680729,1.9641248329707568
MEM4,BINH,10,146902.1,146730.32645234084,147073.87354765917,171.77354765917033,0.11693062771680617,146902.1,146730.32645234084,147073.87354765917,171.77354765917033,0.11693062771680617,0.0,0.0,0.0,0.0,,0.0,0.0,0.0,0.0,,0.0,0.0,0.0,0.0,,79.0,79.0,79.0,0.0,0.0,79.0,79.0,79.0,0.0,0.0,257383536.1,256994033.07751358,257773039.1224864,389503.02248640417,0.15133175508750196,2711522.1,2708816.131521545,2714228.0684784553,2705.968478455068,0.09979518435254753,722098.8,718396.5963661794,725801.0036338207,3702.203633820677,0.5127004273959016,80424.6,79738.21065206823,81110.98934793178,686.3893479317707,0.8534569620884289,196130877.6,196001964.0452229,196259791.15477708,128913.55477708025,0.06572833220070201,526118342.4,525043328.0116328,527193356.78836715,1075014.3883671905,0.20432938784519186,46622.8,46174.25292758839,47071.34707241161,448.5470724116062,0.9620766500759418,0.0,0.0,0.0,0.0,,83524200.7,83241804.7921861,83806596.60781391,282395.90781391045,0.33810070069178216,1203415.5,1200039.2599905606,1206791.7400094394,3376.2400094393365,0.28055480500619584
MEM4,FIBH,10,100000.0,100000.0,100000.0,0.0,0.0,100000.0,100000.0,100000.0,0.0,0.0,46663.5,46515.3386834599,46811.6613165401,148.1613165400966,0.31751008076997356,0.0,0.0,0.0,0.0,,0.0,0.0,0.0,0.0,,100.6,100.09981823162488,101.10018176837511,0.5001817683751205,0.4971985769136387,100.6,100.09981823162488,101.10018176837511,0.5001817683751205,0.4971985769136387,260644648.6,260134793.4477814,261154503.75221857,509855.1522185785,0.19561312881624937,5348794.6,5184165.33209184,5513423.867908159,164629.26790815932,3.0778760490851402,1492706.7,1427063.7992851995,1558349.6007148004,65642.9007148005,4.39757527147165,198401.8,193358.30822078095,203445.29177921903,5043.491779219032,2.5420594869698925,250972524.9,248296612.52315128,253648437.27684873,2675912.3768487372,1.0662172594051698,388695368.2,386946346.8372203,390444389.56277966,1749021.3627796932,0.44997226771165144,171625.3,165778.93303397574,177471.66696602423,5846.366966024238,3.406471520238705,0.0,0.0,0.0,0.0,,52591066.0,52463963.588431284,52718168.411568716,127102.41156871813,0.24168061466698193,1657988.9,1648899.8254916077,1667077.9745083922,9089.074508392163,0.5481987550334121
MEM5,1LVBQ,10,147180.2,147059.59413518215,147300.80586481787,120.60586481784904,0.08194435448372066,147180.2,147059.59413518215,147300.80586481787,120.60586481784904,0.08194435448372066,0.0,0.0,0.0,0.0,,347784.9,330637.284186435,364932.51581356506,17147.61581356505,4.930523381999923,0.0,0.0,0.0,0.0,,53.2,52.89837904496787,53.50162095503214,0.3016209550321322,0.566956682391226,53.2,52.89837904496787,53.50162095503214,0.3016209550321322,0.566956682391226,123681735.4,123297093.747239,124066377.05276102,384641.65276100935,0.3109930916776329,2248645.0,2241213.1613464253,2256076.8386535747,7431.838653574693,0.33050297639577136,870098.6,868386.2364738364,871810.9635261636,1712.3635261635654,0.19680108968840607,171981.4,170955.61864919343,173007.18135080655,1025.7813508065456,0.5964490060009662,128178293.1,128065074.71784592,128291511.48215407,113218.38215407348,0.08832882652427322,262914883.3,261809473.26186183,264020293.3381382,1105410.0381381859,0.4204440708200051,112378.9,111506.52731587671,113251.27268412328,872.3726841232794,0.7762780060342995,0.0,0.0,0.0,0.0,,51685878.3,51531039.99558366,51840716.60441633,154838.30441633504,0.2995756471769873,387255.0,384668.926882067,389841.073117933,2586.073117932983,0.6677959272141053
MEM5,2LVBQ,10,146948.8,146790.665379946,147106.93462005397,158.1346200539924,0.10761205267004045,146948.8,146790.665379946,147106.93462005397,158.1346200539924,0.10761205267004045,0.0,0.0,0.0,0.0,,293899.8,293007.18230154604,294792.41769845394,892.6176984539255,0.30371497308059603,642.6,639.2244046651826,645.9755953348174,3.375595334817336,0.5253027287297442,39.8,39.49837904496786,40.10162095503213,0.3016209550321322,0.7578415955581213,39.8,39.49837904496786,40.10162095503213,0.3016209550321322,0.7578415955581213,119940854.5,119758687.30360183,120123021.69639817,182167.19639817136,0.15188085590816877,1983837.4,1978570.1228361602,1989104.6771638396,5267.277163839747,0.2655095202782117,504451.7,502535.8451583594,506367.55484164064,1915.8548416406359,0.3797895500482278,77803.8,75976.25557894245,79631.34442105755,1827.544421057548,2.34891409038832,103561451.7,102325547.77860522,104797355.62139478,1235903.9213947817,1.19340150326879,259519307.5,256836052.75462705,262202562.24537295,2683254.7453729585,1.0339326084140998,54203.7,52739.07455821245,55668.32544178754,1464.6254417875487,2.7020765036105443,0.0,0.0,0.0,0.0,,48028564.2,47666459.33281945,48390669.06718056,362104.86718055414,0.7539364817833845,272120.3,270261.6599173117,273978.9400826883,1858.6400826882966,0.683021473476362
MEM5,3LVBQ,10,147115.0,147000.60799116633,147229.39200883367,114.39200883367293,0.07775686288527542,147115.0,147000.60799116633,147229.39200883367,114.39200883367293,0.07775686288527542,0.0,0.0,0.0,0.0,,218834.4,218426.5218902409,219242.2781097591,407.87810975908934,0.18638665116594527,152208.7,152099.55964940815,152317.84035059187,109.14035059186047,0.07170441018933903,47.9,47.6737842837259,48.126215716274096,0.22621571627409912,0.47226663105239897,48.0,47.662777520554876,48.337222479445124,0.3372224794451274,0.7025468321773487,159794922.6,159368978.96675754,160220866.23324245,425943.63324246556,0.26655642514292605,1691503.3,1687148.2002363056,1695858.3997636945,4355.09976369453,0.25746918517359857,498473.3,496772.1603187725,500174.4396812275,1701.1396812274993,0.3412699699718118,78572.6,76668.15506713474,80477.04493286528,1904.4449328652704,2.4238028687675732,121583963.7,120082392.71717836,123085534.68282165,1501570.9828216499,1.235007427892935,337921132.0,335891933.9012723,339950330.0987277,2029198.0987276956,0.6004945848511468,44118.1,43753.35145361229,44482.84854638771,364.74854638770626,0.8267548837953272,0.0,0.0,0.0,0.0,,59565884.2,59285648.61615428,59846119.78384572,280235.5838457172,0.4704632317801088,301735.3,296332.378030733,307138.221969267,5402.921969267011,1.7906164672370157
MEM5,4LVBQ,10,146988.1,146928.35216051823,147047.84783948178,59.74783948176244,0.04064807932190595,146988.1,146928.35216051823,147047.84783948178,59.74783948176244,0.04064807932190595,0.0,0.0,0.0,0.0,,195391.7,194905.39337521745,195878.00662478257,486.3066247825587,0.24888806678203765,158252.4,158181.9655329625,158322.8344670375,70.43446703749672,0.04450767700047312,53.2,52.89837904496787,53.50162095503214,0.3016209550321322,0.566956682391226,53.3,52.954449785595095,53.6455502144049,0.3455502144049043,0.6483118469135165,186633503.4,186393569.6540689,186873437.14593112,239933.7459311107,0.1285587751181392,1685180.8,1680198.425569921,1690163.174430079,4982.374430078958,0.2956581531239234,501132.6,499540.4764536807,502724.72354631923,1592.1235463192784,0.317705043798643,80422.8,78619.28320632988,82226.31679367012,1803.516793670124,2.2425441462745934,131117977.7,130368074.5836204,131867880.8163796,749903.1163796068,0.5719300507329338,383499295.9,381930139.4357968,385068452.36420316,1569156.4642032022,0.4091680169896245,41658.4,41282.84296877246,42033.95703122755,375.5570312275438,0.9015157356680616,0.0,0.0,0.0,0.0,,67798978.8,67546917.31432457,68051040.28567542,252061.4856754214,0.3717777024621224,318628.7,313146.5860308247,324110.81396917533,5482.11396917531,1.7205336396800757
MEM5,5LVBQ,10,147038.6,146980.31296981307,147096.88703018695,58.28703018694056,0.03964063190681941,147038.6,146980.31296981307,147096.88703018695,58.28703018694056,0.03964063190681941,0.0,0.0,0.0,0.0,,185724.0,185557.58967531848,185890.41032468152,166.41032468152287,0.08960087262902094,163554.7,163500.8128923826,163608.58710761744,53.88710761742632,0.03294745282002065,58.4,58.030591282220165,58.76940871777983,0.36940871777983697,0.6325491742805427,58.4,58.030591282220165,58.76940871777983,0.36940871777983697,0.6325491742805427,206676813.7,206058205.2435736,207295422.15642637,618608.4564263754,0.2993119766808053,1705691.9,1699068.6253338251,1712315.1746661747,6623.274666174777,0.38830428087128616,499716.4,495858.8731117081,503573.92688829196,3857.5268882919186,0.7719432238549542,82052.1,79602.95912376342,84501.2408762366,2449.1408762365863,2.98486068758336,149637511.6,148121126.62255052,151153896.57744947,1516384.9774494674,1.0133722228039692,439182837.8,436267868.09900934,442097807.5009907,2914969.700990651,0.6637257766247465,43193.5,42293.741305834104,44093.258694165896,899.7586941658956,2.0830881826337193,0.0,0.0,0.0,0.0,,74547730.9,74168673.06932138,74926788.73067863,379057.83067862917,0.508476684806283,346869.6,341987.7495209743,351751.45047902566,4881.850479025698,1.4074022281069596
MEM5,6LVBQ,10,147112.1,147045.24106154873,147178.95893845128,66.85893845126489,0.04544761338548283,147112.1,147045.24106154873,147178.95893845128,66.85893845126489,0.04544761338548283,0.0,0.0,0.0,0.0,,179114.1,178894.26470703306,179333.93529296695,219.83529296693618,0.12273477798059236,170118.0,170040.7789974377,170195.2210025623,77.22100256227739,0.04539261134170246,63.8,63.49837904496786,64.10162095503213,0.3016209550321322,0.4727601176052229,63.8,63.49837904496786,64.10162095503213,0.3016209550321322,0.4727601176052229,229941634.1,229073564.08406457,230809704.11593542,868070.015935416,0.3775175467170501,1741859.6,1734729.6908725146,1748989.5091274856,7129.90912748552,0.40932742957500823,503666.5,500497.46046930534,506835.53953069466,3169.0395306946307,0.6291940263437474,83629.4,82559.04489641012,84699.75510358987,1070.3551035898763,1.2798789703021622,155205296.1,154287408.81527698,156123183.384723,917887.2847230284,0.591402038324534,473545081.1,469737384.41439486,477352777.7856052,3807696.685605149,0.8040832515375798,41650.8,40615.735504864024,42685.86449513598,1035.0644951359768,2.4851011148308717,0.0,0.0,0.0,0.0,,81536224.8,81248057.37209177,81824392.22790822,288167.4279082199,0.3534225782651393,360817.9,352450.7664849458,369185.03351505427,8367.133515054225,2.3189352620959838
MEM5,1LVBQDK,10,100000.0,100000.0,100000.0,0.0,0.0,100000.0,100000.0,100000.0,0.0,0.0,47044.9,46860.0508742331,47229.7491257669,184.84912576690311,0.3929206476512929,382106.4,366835.72377485636,397377.0762251437,15270.676225143668,3.996446075005199,0.0,0.0,0.0,0.0,,34.0,34.0,34.0,0.0,0.0,34.0,34.0,34.0,0.0,0.0,74318548.9,74056890.8962343,74580206.90376571,261658.00376569794,0.35207630886035496,2257425.3,2253419.0422587455,2261431.557741254,4006.25774125451,0.1774702242087262,892134.7,890028.3057592605,894241.0942407394,2106.394240739397,0.23610719779640865,103780.9,102980.69788317963,104581.10211682036,800.2021168203665,0.7710495060462634,85726064.9,85635198.25540076,85816931.54459925,90866.64459925093,0.10599651891784306,152326143.4,151705139.9670075,152947146.83299252,621003.4329925072,0.40768013889893256,64265.1,62917.78771168507,65612.41228831492,1347.3122883149267,2.0964913900622992,0.0,0.0,0.0,0.0,,24063658.0,23941645.497109603,24185670.502890397,122012.5028903951,0.5070405459153181,323913.7,323325.27749620104,324502.122503799,588.4225037989795,0.18166027055940503
MEM5,2LVBQDK,10,100000.0,100000.0,100000.0,0.0,0.0,100000.0,100000.0,100000.0,0.0,0.0,47110.2,47002.50357810589,47217.896421894104,107.69642189410727,0.22860531667050296,286711.5,285490.3185837229,287932.6814162771,1221.181416277068,0.4259269043191738,632.7,627.9903406624852,637.4096593375149,4.70965933751481,0.7443747965093741,35.2,34.89837904496787,35.50162095503214,0.3016209550321322,0.8568777131594664,35.2,34.89837904496787,35.50162095503214,0.3016209550321322,0.8568777131594664,85910460.4,85837442.928827,85983477.87117301,73017.47117301068,0.08499252690887765,2503215.5,2498264.0826916043,2508166.9173083957,4951.417308395954,0.1978022790445311,738686.3,737098.0461291469,740274.5538708532,1588.2538708530903,0.21501060339864028,94047.1,92596.97728937793,95497.22271062208,1450.1227106220738,1.541911138803933,86621097.6,86475135.67656629,86767059.5234337,145961.9234337046,0.16850620400555233,168225517.6,167540094.30601424,168910940.89398575,685423.2939857659,0.4074431178838982,52533.1,51105.486428467215,53960.71357153278,1427.6135715327814,2.717550594830272,0.0,0.0,0.0,0.0,,25708481.9,25593922.85501866,25823040.944981337,114559.04498133727,0.4456079726019811,293730.7,292807.02189424454,294654.3781057555,923.6781057554512,0.31446427144164746
MEM5,3LVBQDK,10,100000.0,100000.0,100000.0,0.0,0.0,100000.0,100000.0,100000.0,0.0,0.0,47169.1,47054.51457531691,47283.685424683084,114.58542468308771,0.24292476363358154,196129.3,195490.50919849245,196768.09080150753,638.7908015075293,0.3256988127258545,105050.3,105026.21501903197,105074.38498096804,24.084980968034507,0.02292709394264891,42.8,42.49837904496786,43.10162095503213,0.3016209550321322,0.7047218575517108,42.9,42.6737842837259,43.126215716274096,0.22621571627409912,0.527309361944287,120654879.7,120491297.412332,120818461.98766801,163582.28766801034,0.1355786753712294,2508123.0,2502667.450559367,2513578.549440633,5455.5494406332655,0.21751522714927718,738773.9,737768.1502820696,739779.6497179305,1005.7497179304144,0.13613768947852845,96232.4,94968.74227028264,97496.05772971734,1263.6577297173544,1.3131312631892735,110013450.8,109918171.65649672,110108729.94350328,95279.14350327352,0.08660681290371225,244078771.9,243583877.51018634,244573666.28981367,494894.3898136609,0.20276011140224065,59521.0,58466.19633029071,60575.80366970929,1054.8036697092923,1.7721538107714794,0.0,0.0,0.0,0.0,,33621285.1,33428935.00967113,33813635.19032887,192350.09032887407,0.5721080849728557,339075.0,333147.4123395233,345002.5876604767,5927.587660476699,1.7481641703094297
MEM5,4LVBQDK,10,100000.0,100000.0,100000.0,0.0,0.0,100000.0,100000.0,100000.0,0.0,0.0,47126.3,46929.024546889275,47323.57545311073,197.2754531107259,0.41861010329842546,162579.3,162234.4583882121,162924.14161178787,344.84161178787383,0.21210671456198532,110497.2,110472.75474269762,110521.64525730237,24.44525730237798,0.0221229653804603,46.0,46.0,46.0,0.0,0.0,46.0,46.0,46.0,0.0,0.0,135569422.9,134979800.33064213,136159045.46935788,589622.5693578708,0.43492297654227957,2642511.4,2635113.119683126,2649909.680316874,7398.280316874063,0.27997155724187467,746921.3,745266.7977429972,748575.8022570029,1654.5022570029168,0.2215095830046508,98326.3,97170.87770125082,99481.72229874918,1155.422298749176,1.1750897763357067,114716423.6,113666031.289343,115766815.91065699,1050392.3106569967,0.915642484043581,265095925.8,263163365.9610067,267028485.63899332,1932559.838993321,0.7290039758858191,56200.6,54064.84157430986,58336.35842569014,2135.758425690139,3.800241324274366,0.0,0.0,0.0,0.0,,35910516.9,35716805.25988015,36104228.54011985,193711.64011985032,0.539428715713781,351247.5,345439.63184541784,357055.36815458216,5807.868154582182,1.6534973642751
MEM5,5LVBQDK,10,100000.0,100000.0,100000.0,0.0,0.0,100000.0,100000.0,100000.0,0.0,0.0,47033.5,46926.56417823096,47140.43582176904,106.935821769042,0.2273609698811315,145604.2,145398.66689624515,145809.73310375487,205.5331037548533,0.14115877409776179,115027.2,114995.36541205023,115059.03458794976,31.834587949765446,0.027675704485343854,49.0,49.0,49.0,0.0,0.0,49.0,49.0,49.0,0.0,0.0,151259369.2,150750963.18493846,151767775.21506152,508406.0150615344,0.33611538759579496,2762515.4,2757426.9439386665,2767603.8560613333,5088.456061333437,0.18419647764980557,743498.4,740331.4733467691,746665.3266532309,3166.92665323095,0.42594935688240215,96744.9,96057.62176937294,97432.17823062705,687.278230627056,0.710402543831309,128878098.7,127574997.3355186,130181200.0644814,1303101.3644814088,1.0111115679280338,301722258.5,300067896.3572911,303376620.6427089,1654362.1427088783,0.5483062969677719,62382.0,61240.82582608884,63523.17417391116,1141.174173911163,1.829332457938449,0.0,0.0,0.0,0.0,,38650088.5,38436112.43779189,38864064.56220811,213976.06220810657,0.5536237315681867,373777.9,366849.40172828984,380706.3982717102,6928.498271710176,1.8536404297071003
MEM5,6LVBQDK,10,100000.0,100000.0,100000.0,0.0,0.0,100000.0,100000.0,100000.0,0.0,0.0,47129.2,47004.18602784655,47254.21397215345,125.01397215345335,0.26525799749084084,130795.9,130536.52692419989,131055.2730758001,259.3730758001097,0.19830367450364245,120501.1,120467.61047987963,120534.58952012038,33.48952012037098,0.027791879178174293,52.6,52.23059128222017,52.969408717779835,0.36940871777983697,0.7022979425472186,52.6,52.23059128222017,52.969408717779835,0.36940871777983697,0.7022979425472186,168482384.8,168000828.5193968,168963941.0806032,481556.2806032029,0.28581995748388933,2922529.0,2913391.2550394884,2931666.7449605116,9137.744960511514,0.312665672796113,755588.1,751841.4726822407,759334.7273177593,3746.627317759367,0.49585578673874925,98229.0,96795.133982862,99662.866017138,1433.8660171380084,1.4597176161194845,132925876.9,132566614.07412873,133285139.72587128,359262.82587127795,0.27027305311030675,328396591.8,325559980.5545323,331233203.04546773,2836611.245467711,0.8637760915604333,58586.0,56762.45747673224,60409.54252326776,1823.5425232677567,3.1125909317375426,0.0,0.0,0.0,0.0,,41662534.7,41478995.04739166,41846074.352608345,183539.65260833927,0.4405388532645837,391225.3,385328.6878846913,397121.9121153087,5896.6121153086915,1.5072164594949997
MEM5,BINH,10,147013.7,146858.10295707866,147169.29704292136,155.59704292134933,0.10583846466101413,147013.7,146858.10295707866,147169.29704292136,155.59704292134933,0.10583846466101413,0.0,0.0,0.0,0.0,,0.0,0.0,0.0,0.0,,0.0,0.0,0.0,0.0,,78.8,78.49837904496786,79.10162095503213,0.3016209550321322,0.38276770943163985,78.8,78.49837904496786,79.10162095503213,0.3016209550321322,0.38276770943163985,257567484.6,257257745.48406532,257877223.71593466,309739.1159346563,0.12025551921496551,2845392.9,2754886.3094106247,2935899.490589375,90506.59058937525,3.1808117110777654,750412.5,728672.5276789188,772152.4723210812,21739.972321081153,2.897069587870825,80605.6,78571.47176217433,82639.72823782568,2034.12823782567,2.5235569710115304,196192020.1,195569816.19934404,196814224.00065595,622203.9006559561,0.31714026918057925,528257423.7,526906798.7884439,529608048.61155605,1350624.9115560846,0.25567551935116983,46714.3,45359.263451445004,48069.336548555,1355.0365485550017,2.9006889722312046,0.0,0.0,0.0,0.0,,83614235.4,83347686.23344569,83880784.56655432,266549.16655431176,0.31878443339124496,1205375.8,1201338.6876437655,1209412.9123562346,4037.1123562345224,0.33492561873521287
MEM5,FIBH,10,100000.0,100000.0,100000.0,0.0,0.0,100000.0,100000.0,100000.0,0.0,0.0,47083.0,46985.04339963399,47180.95660036601,97.95660036600786,0.20805088963321763,0.0,0.0,0.0,0.0,,0.0,0.0,0.0,0.0,,102.0,101.52309539603162,102.47690460396838,0.4769046039683814,0.46755353330233473,102.0,101.52309539603162,102.47690460396838,0.4769046039683814,0.46755353330233473,262998118.3,262777583.691724,263218652.90827602,220534.60827601355,0.08385406317791648,5372830.9,5278005.720195227,5467656.079804773,94825.17980477272,1.7649016239236697,1481728.8,1442610.9398346727,1520846.6601653274,39117.86016532731,2.6400148370826906,203538.8,201078.98749726632,205998.61250273365,2459.8125027336587,1.2085226515699508,258403111.6,255941052.84798786,260865170.35201213,2462058.752012143,0.9527976411612774,396558409.9,394374295.49993235,398742524.3000676,2184114.400067609,0.5507673890003686,181740.6,179492.24587154714,183988.95412845287,2248.3541284528733,1.2371226508842126,0.0,0.0,0.0,0.0,,53170241.5,53010133.293582164,53330349.706417836,160108.2064178342,0.30112371488445133,1697193.2,1684864.6768488658,1709521.723151134,12328.523151134084,0.7264065841846458
MEM6,1LVBQ,10,147084.9,147003.7060632816,147166.0939367184,81.19393671840629,0.0552020885341774,147084.9,147003.7060632816,147166.0939367184,81.19393671840629,0.0552020885341774,0.0,0.0,0.0,0.0,,4442791.9,4217508.992648979,4668074.807351022,225282.9073510217,5.070750834650204,0.0,0.0,0.0,0.0,,75.5,74.80479804895754,76.19520195104246,0.6952019510424703,0.9207972861489673,75.5,74.80479804895754,76.19520195104246,0.6952019510424703,0.9207972861489673,190754099.4,185835686.22172093,195672512.57827908,4918413.178279065,2.578404969407994,3627888.5,3535128.105160513,3720648.894839487,92760.39483948707,2.556870059250362,953984.3,952758.1334185684,955210.4665814317,1226.1665814316027,0.12853110700371093,342841.9,341198.60764507705,344485.192354923,1643.2923549229697,0.479314913061376,181558541.9,178887046.33057433,184230037.46942568,2671495.5694256853,1.471423785115607,407387538.0,396851594.87492883,417923481.12507117,10535943.125071194,2.586221261650668,159374.8,157177.17106704268,161572.4289329573,2197.628932957306,1.3789061589142737,0.0,0.0,0.0,0.0,,66455422.8,65583744.59282261,67327101.00717738,871678.2071773862,1.3116735556716468,335203.2,333917.94090668025,336488.4590933198,1285.259093319787,0.3834268567005885
MEM6,2LVBQ,10,147106.3,146922.89838372255,147289.70161627742,183.40161627743035,0.12467284968586007,147106.3,146922.89838372255,147289.70161627742,183.40161627743035,0.12467284968586007,0.0,0.0,0.0,0.0,,2362236.9,2355562.528201768,2368911.2717982316,6674.371798231669,0.2825445575857218,2632.0,2624.5428831768245,2639.4571168231755,7.4571168231753875,0.2833251072635026,63.1,62.873784283725904,63.3262157162741,0.22621571627409912,0.3585035123202838,63.1,62.873784283725904,63.3262157162741,0.22621571627409912,0.3585035123202838,228265888.2,227287804.39306688,229243972.0069331,978083.8069331096,0.42848443744522213,2672406.3,2664621.112630423,2680191.4873695765,7785.187369576864,0.2913175054847335,543253.4,541256.9388753116,545249.8611246884,1996.4611246884244,0.36750089823430915,85880.3,84097.79192455551,87662.8080754445,1782.5080754444994,2.0755727162626343,153131761.1,152060200.08954173,154203322.11045825,1071561.010458257,0.6997640481379255,465062510.8,462826597.0621832,467298424.5378168,2235913.7378168064,0.4807770323113317,55673.6,54161.745038504276,57185.45496149572,1511.8549614957235,2.7155688899150108,0.0,0.0,0.0,0.0,,90541874.6,90247032.28583553,90836716.91416445,294842.3141644645,0.32564193691265203,318978.0,318007.2083447022,319948.7916552978,970.7916552977763,0.30434439218308984
MEM6,3LVBQ,10,147103.6,146977.22603892765,147229.97396107236,126.37396107235813,0.0859081362198873,147103.6,146977.22603892765,147229.97396107236,126.37396107235813,0.0859081362198873,0.0,0.0,0.0,0.0,,1560808.4,1558592.823282838,1563023.9767171617,2215.576717161834,0.14195058901283683,166104.5,165976.39484346227,166232.60515653773,128.10515653774192,0.07712323057938943,64.0,63.662777520554876,64.33722247944513,0.3372224794451274,0.5269101241330115,64.1,63.69393036196666,64.50606963803332,0.4060696380333343,0.6334939750910051,234457867.7,233480130.68210196,235435604.717898,977737.0178980203,0.4170203488965793,1806726.5,1803066.1082203232,1810386.8917796768,3660.39177967668,0.2025980013951575,507162.1,506249.58186206425,508074.6181379357,912.5181379357288,0.17992632689543023,78043.8,76200.30766330732,79887.29233669268,1843.4923366926866,2.3621252895075417,155698941.3,153966478.53407273,157431404.0659273,1732462.7659272985,1.112700414956064,479672511.9,476980125.76248777,482364898.0375122,2692386.1375122126,0.5612967328162238,45679.6,45389.49179121271,45969.708208787284,290.1082087872884,0.6350935839790375,0.0,0.0,0.0,0.0,,87289964.3,86954008.38165288,87625920.21834712,335955.91834711906,0.3848734743349174,350402.7,348549.0154511073,352256.38454889273,1853.6845488926963,0.5290154867221902
MEM6,4LVBQ,10,147165.3,147081.42574588268,147249.1742541173,83.87425411730754,0.0569932274233855,147165.3,147081.42574588268,147249.1742541173,83.87425411730754,0.0569932274233855,0.0,0.0,0.0,0.0,,1134477.1,1133045.231652579,1135908.9683474211,1431.8683474210854,0.12621394891277093,192673.3,192575.44616523557,192771.1538347644,97.85383476441773,0.05078743902991111,66.1,65.8737842837259,66.32621571627409,0.22621571627409914,0.34223255109546014,66.1,65.8737842837259,66.32621571627409,0.22621571627409914,0.34223255109546014,239693388.0,239171546.31974137,240215229.68025863,521841.6802586276,0.21771217162595558,1732948.5,1726663.8392836556,1739233.1607163444,6284.660716344313,0.3626570966387237,501696.1,499705.2519073459,503686.94809265406,1990.8480926540697,0.3968235138072769,77783.4,76887.94736276314,78678.85263723685,895.4526372368615,1.1512130316196791,164740845.6,163972066.71386394,165509624.48613605,768778.8861360411,0.4666595484174455,501344456.5,499340905.8287033,503348007.1712967,2003550.6712967206,0.39963554903627835,44567.2,43814.42275257754,45319.97724742245,752.7772474224566,1.6890835579135701,0.0,0.0,0.0,0.0,,88108939.1,87803097.03878282,88414781.16121717,305842.0612171758,0.34711808397790117,396447.8,389539.0474798993,403356.55252010067,6908.75252010067,1.742663856401945
MEM6,5LVBQ,10,132427.3,99141.99581291364,165712.60418708634,33285.30418708636,25.13477522163962,132427.3,99141.99581291364,165712.60418708634,33285.30418708636,25.13477522163962,0.0,0.0,0.0,0.0,,793572.9,594110.2130794432,993035.5869205568,199462.68692055676,25.134765428677913,195364.4,146259.99735742982,244468.80264257017,49104.40264257016,25.134775139467664,62.5,46.786554160644044,78.21344583935596,15.713445839355956,25.141513342969528,62.5,46.786554160644044,78.21344583935596,15.713445839355956,25.141513342969528,228795519.6,171286009.38745576,286305029.8125442,57509510.21254423,25.135767655366376,1521651.4,1139186.267826213,1904116.5321737868,382465.13217378675,25.134872032699917,453233.5,339292.2487767893,567174.7512232107,113941.25122321074,25.13963579991566,72739.7,54360.642852948105,91118.75714705189,18379.057147051888,25.266886098034348,155722021.8,116575138.48978257,194868905.11021745,39146883.31021745,25.138951355573425,483270507.5,361781373.60479355,604759641.3952065,121489133.89520644,25.138950548354423,38499.4,28806.731085823958,48192.068914176045,9692.668914176042,25.176155769118587,0.0,0.0,0.0,0.0,,82505041.8,61766161.806982465,103243921.79301754,20738879.993017532,25.136500195091756,389254.7,291260.53690697293,487248.8630930271,97994.16309302709,25.17481820849616
MEM6,6LVBQ,10,147207.1,147078.03475360983,147336.16524639018,129.06524639017158,0.08767596562269861,147207.1,147078.03475360983,147336.16524639018,129.06524639017158,0.08767596562269861,0.0,0.0,0.0,0.0,,734378.5,733331.08636813,735425.91363187,1047.4136318699893,0.1426258573569337,234238.0,234049.82713695316,234426.17286304684,188.17286304685388,0.08033404616110702,73.9,73.67378428372591,74.1262157162741,0.22621571627409914,0.3061105768255739,73.9,73.67378428372591,74.1262157162741,0.22621571627409914,0.3061105768255739,271474920.9,270868920.83945173,272080920.9605482,606000.0605482723,0.22322506202018472,1717446.2,1712198.7981542721,1722693.6018457278,5247.401845727866,0.3055351513035964,507232.2,505481.83364381915,508982.5663561809,1750.366356180878,0.34508186904949606,82327.9,79090.58779508268,85565.2122049173,3237.312204917309,3.9322176381485607,179407498.3,178081313.29541656,180733683.30458346,1326185.0045834407,0.7392026627370015,561091552.6,558134719.58348,564048385.61652,2956833.0165200224,0.5269787083442222,42159.8,40961.83586357927,43357.76413642074,1197.964136420735,2.8414843913413605,0.0,0.0,0.0,0.0,,96506443.1,96243557.71525303,96769328.48474696,262885.3847469622,0.27240190012449256,447834.6,442118.67342067655,453550.5265793234,5715.926579323423,1.2763476916083354
MEM6,1LVBQDK,10,100000.0,100000.0,100000.0,0.0,0.0,100000.0,100000.0,100000.0,0.0,0.0,47080.9,46936.484320610616,47225.31567938939,144.41567938938314,0.30673941957223233,4362457.0,4220541.227560603,4504372.772439397,141915.77243939735,3.253115674020336,0.0,0.0,0.0,0.0,,48.2,47.63571886279911,48.764281137200896,0.5642811372008941,1.170707753528826,48.2,47.63571886279911,48.764281137200896,0.5642811372008941,1.170707753528826,121578100.6,119062018.17322223,124094183.02677776,2516082.4267777614,2.0695194400641603,2817729.8,2794695.226797088,2840764.3732029116,23034.573202911855,0.8174869429606719,962860.9,960162.8255861254,965558.9744138747,2698.074413874677,0.28021435015947543,179838.1,176240.86316017553,183435.33683982448,3597.236839824459,2.00026403738944,117847332.3,116464624.82978702,119230039.77021298,1382707.4702129809,1.1733040054679125,232850415.2,227250368.13033327,238450462.2696667,5600047.0696667135,2.4049976740890577,92771.0,91231.32473109213,94310.67526890787,1539.675268907877,1.65965147396048,0.0,0.0,0.0,0.0,,30768701.6,30360957.930096757,31176445.269903246,407743.66990324383,1.325189717798309,262406.8,261856.84546727873,262956.75453272124,549.9545327212577,0.20958089985520867
MEM6,2LVBQDK,10,100000.0,100000.0,100000.0,0.0,0.0,100000.0,100000.0,100000.0,0.0,0.0,47023.7,46947.579503905195,47099.8204960948,76.12049609480285,0.16187687505407455,2243947.9,2231135.125092897,2256760.6749071027,12812.774907102581,0.570992530936328,2570.2,2558.9861482571255,2581.413851742874,11.21385174287414,0.4363026901748557,38.8,38.49837904496786,39.10162095503213,0.3016209550321322,0.7773735954436397,38.8,38.49837904496786,39.10162095503213,0.3016209550321322,0.7773735954436397,108801583.8,108527093.13562272,109076074.46437727,274490.66437727114,0.2522855410651395,2679549.4,2674981.2884850185,2684117.5115149813,4568.1115149812595,0.17048058583959153,742387.1,739925.9530003975,744848.2469996024,2461.1469996024853,0.3315180179723604,95653.3,94430.67940064444,96875.92059935557,1222.6205993555627,1.2781792153073264,98535875.1,97312903.62510534,99758846.57489465,1222971.4748946552,1.2411433639306617,205130165.2,202945660.90364146,207314669.4963585,2184504.29635854,1.064935668641747,53868.8,53169.785074671854,54567.81492532815,699.0149253281519,1.2976248316802153,0.0,0.0,0.0,0.0,,28874358.7,28700903.442760434,29047813.957239565,173455.2572395658,0.6007241893810988,277319.1,274351.91296770907,280286.2870322909,2967.1870322908985,1.0699540826040828
MEM6,3LVBQDK,10,100000.0,100000.0,100000.0,0.0,0.0,100000.0,100000.0,100000.0,0.0,0.0,47084.0,46951.402079924184,47216.597920075816,132.5979200758192,0.2816199135073893,1323372.7,1320296.7860292583,1326448.6139707416,3075.9139707416234,0.23242990963480079,117581.2,117529.10070938534,117633.29929061465,52.099290614657015,0.04430920131335368,45.2,44.89837904496787,45.50162095503214,0.3016209550321322,0.6673029978586996,45.2,44.89837904496787,45.50162095503214,0.3016209550321322,0.6673029978586996,139038901.8,138333181.20302424,139744622.3969758,705720.5969757654,0.507570606383893,2480222.0,2472500.167371897,2487943.832628103,7721.8326281029385,0.31133634925030657,741683.2,739913.6055818511,743452.7944181488,1769.5944181488849,0.2385916814819164,98292.3,97684.28029005084,98900.31970994917,608.0197099491598,0.6185832562155529,112326611.2,111477676.00664483,113175546.39335518,848935.1933551672,0.755773885000073,256491804.9,254908226.12957725,258075383.67042276,1583578.770422755,0.6173993633208493,55863.9,54088.02394116538,57639.77605883462,1775.8760588346227,3.1789331909061533,0.0,0.0,0.0,0.0,,35309404.0,35154574.71181629,35464233.28818371,154829.2881837133,0.4384930659937316,327625.8,323673.76588879427,331577.8341112057,3952.034111205711,1.206264619943152
MEM6,4LVBQDK,10,100000.0,100000.0,100000.0,0.0,0.0,100000.0,100000.0,100000.0,0.0,0.0,47157.9,47035.07301324681,47280.726986753194,122.82698675319314,0.2604589830191614,855292.9,853895.669881644,856690.1301183561,1397.230118356026,0.1633627636048453,138376.0,138321.500214883,138430.499785117,54.499785116985876,0.03938528727307183,49.0,49.0,49.0,0.0,0.0,49.0,49.0,49.0,0.0,0.0,150376017.0,150278480.76198557,150473553.23801443,97536.23801444066,0.06486156500237712,2559750.0,2554206.554601516,2565293.445398484,5543.4453984839,0.21656198450957712,738771.7,737356.9516589261,740186.4483410738,1414.74834107384,0.19150007249517545,98714.8,97535.37452378414,99894.22547621587,1179.4254762158678,1.1947807990451966,127391320.8,126471388.48437795,128311253.11562204,919932.3156220458,0.7221310759987393,292122880.3,290295684.08876014,293950076.5112399,1827196.2112398825,0.6254889070528867,60689.1,59405.14825139083,61973.05174860917,1283.9517486091743,2.115621666179222,0.0,0.0,0.0,0.0,,38038774.6,37874912.799619146,38202636.40038086,163861.80038085923,0.430775707430016,382132.5,377483.51257695723,386781.48742304277,4648.9874230427895,1.2165904295088195
MEM6,5LVBQDK,10,100000.0,100000.0,100000.0,0.0,0.0,100000.0,100000.0,100000.0,0.0,0.0,47126.8,46967.09469491453,47286.50530508548,159.70530508547245,0.338884255000281,594013.9,593124.6758801234,594903.1241198767,889.2241198766127,0.14969752725931373,155505.3,155434.88987630326,155575.7101236967,70.41012369671581,0.04527827906618991,52.0,52.0,52.0,0.0,0.0,52.0,52.0,52.0,0.0,0.0,165577606.4,165255381.42733768,165899831.37266234,322224.9726623292,0.19460661358028256,2659187.8,2650422.1534691327,2667953.446530867,8765.646530867185,0.3296362344497514,743078.9,740836.2538699749,745321.5461300252,2242.6461300251667,0.301804576879409,98989.7,98264.74091682275,99714.65908317725,724.9590831772518,0.7323580970315617,132909723.8,132621980.61960696,133197466.98039304,287743.18039304204,0.2164952060437899,321283133.3,320326110.4153933,322240156.18460673,957022.8846067192,0.2978752338402693,58355.7,56616.74486771121,60094.65513228878,1738.955132288782,2.9799233533121563,0.0,0.0,0.0,0.0,,40881436.0,40644518.438311964,41118353.561688036,236917.56168803843,0.5795235805514231,413270.8,405824.6283688068,420716.9716311932,7446.171631193179,1.8017657262969409
MEM6,6LVBQDK,10,100000.0,100000.0,100000.0,0.0,0.0,100000.0,100000.0,100000.0,0.0,0.0,47063.9,46854.502367335444,47273.29763266456,209.39763266455924,0.444921973454302,449253.9,448706.5804930686,449801.21950693143,547.3195069314224,0.12182854882983152,166343.5,166289.34743496994,166397.65256503006,54.1525650300545,0.03255466250863694,55.0,55.0,55.0,0.0,0.0,55.0,55.0,55.0,0.0,0.0,178488752.0,177824247.4517268,179153256.5482732,664504.5482732037,0.3722949154091254,2801615.2,2789257.988207319,2813972.4117926816,12357.211792681275,0.44107455558783637,755505.5,752661.3576866013,758349.6423133987,2844.1423133986464,0.376455540482319,100548.8,99083.34673135397,102014.25326864603,1465.453268646032,1.4574547569399454,137867404.7,136950351.49935004,138784457.90064994,917053.200649937,0.6651704241807179,341124117.2,338636113.6996481,343612120.7003519,2488003.500351883,0.7293543243948286,56423.5,54741.637400828535,58105.362599171465,1681.862599171463,2.980783891767549,0.0,0.0,0.0,0.0,,43029852.2,42803616.806930654,43256087.59306935,226235.39306934972,0.5257638162869398,418367.8,412263.72627901507,424471.8737209849,6104.073720984904,1.4590209191493475
MEM6,BINH,10,147129.7,146990.75163181912,147268.6483681809,138.94836818090246,0.0944393743621461,147129.7,146990.75163181912,147268.6483681809,138.94836818090246,0.0944393743621461,0.0,0.0,0.0,0.0,,0.0,0.0,0.0,0.0,,0.0,0.0,0.0,0.0,,78.8,78.49837904496786,79.10162095503213,0.3016209550321322,0.38276770943163985,78.8,78.49837904496786,79.10162095503213,0.3016209550321322,0.38276770943163985,257846908.1,257487656.29803187,258206159.90196812,359251.80196813575,0.1393275585948885,2729330.5,2675919.105855519,2782741.894144481,53411.39414448097,1.956941240515979,725239.4,710286.0057212688,740192.7942787312,14953.394278731168,2.0618563027230965,79098.6,77862.28512089078,80334.91487910923,1236.3148791092176,1.5630047549630683,195864860.3,195546838.77750832,196182881.8224917,318021.52249170525,0.16236782953542647,528579460.4,527022711.77656454,530136209.0234354,1556748.6234354198,0.2945155345721072,46461.4,45289.436496443515,47633.36350355649,1171.963503556488,2.5224455215651873,0.0,0.0,0.0,0.0,,83930792.1,83704186.58711031,84157397.61288968,226605.51288968613,0.269990914204283,1210104.9,1206871.5825991458,1213338.217400854,3233.317400854018,0.2671931500198056
MEM6,FIBH,10,100000.0,100000.0,100000.0,0.0,0.0,100000.0,100000.0,100000.0,0.0,0.0,47129.1,46984.543437175176,47273.65656282482,144.55656282482417,0.3067246410918608,0.0,0.0,0.0,0.0,,0.0,0.0,0.0,0.0,,101.6,101.23059128222016,101.96940871777983,0.36940871777983697,0.36359125765731987,101.6,101.23059128222016,101.96940871777983,0.36940871777983697,0.36359125765731987,262972689.7,262813865.113059,263131514.28694096,158824.58694097417,0.06039584837579968,5442079.1,5341578.688856262,5542579.5111437375,100500.4111437382,1.8467282319313993,1514188.4,1469185.9411639543,1559190.8588360455,45002.458836045465,2.9720514855380924,202607.7,199753.30801539225,205462.09198460777,2854.3919846077765,1.4088270014455406,255656202.4,253878811.48509538,257433593.31490463,1777390.914904619,0.6952269877355493,394261880.2,392615620.8521149,395908139.54788506,1646259.3478850762,0.4175547854258613,177130.6,173171.03473684736,181090.16526315265,3959.5652631526455,2.235393129788216,0.0,0.0,0.0,0.0,,53045782.1,52901387.15165496,53190177.048345044,144394.94834503985,0.2722081617588966,1681972.5,1674532.844388468,1689412.155611532,7439.655611531967,0.4423173156238861
MEM7,1LVBQ,10,147134.5,147033.57057381835,147235.42942618165,100.92942618166175,0.06859670993659663,147134.5,147033.57057381835,147235.42942618165,100.92942618166175,0.06859670993659663,0.0,0.0,0.0,0.0,,44056742.4,42354163.73940219,45759321.06059781,1702578.660597811,3.8645132795787713,0.0,0.0,0.0,0.0,,201.0,196.05534782433884,205.94465217566116,4.9446521756611626,2.4600259580403794,201.0,196.05534782433884,205.94465217566116,4.9446521756611626,2.4600259580403794,898352942.6,868442013.9614464,928263871.2385536,29910928.638553634,3.329529767218868,17157119.4,16604703.190534541,17709535.609465457,552416.2094654571,3.219749169930339,1238933.2,1236600.9639003268,1241265.4360996732,2332.236099673106,0.1882455082867346,462611.4,460306.2883381184,464916.51166188164,2305.111661881624,0.4982825027402316,482482998.1,468739782.5666063,496226213.63339376,13743215.53339373,2.848435196165253,1582945482.9,1528412945.346835,1637478020.4531653,54532537.55316518,3.4450041484220963,184766.3,184451.93809182593,185080.66190817405,314.36190817404986,0.17014028433434555,0.0,0.0,0.0,0.0,,207283322.3,201185879.22705376,213380765.37294626,6097443.072946264,2.9415984871766327,321205.1,320424.3743567727,321985.82564322726,780.725643227288,0.24306140943194487
MEM7,2LVBQ,10,147094.5,146967.3795368946,147221.6204631054,127.12046310542638,0.08642094918941659,147094.5,146967.3795368946,147221.6204631054,127.12046310542638,0.08642094918941659,0.0,0.0,0.0,0.0,,20430101.3,20390070.937607303,20470131.6623927,40030.36239269694,0.1959381493262441,5842.0,5827.917175811593,5856.082824188407,14.082824188407672,0.2410616944266976,259.7,258.8046123998323,260.59538760016767,0.8953876001676545,0.34477766660287046,259.7,258.8046123998323,260.59538760016767,0.8953876001676545,0.34477766660287046,1164519773.9,1161615744.6764863,1167423803.123514,2904029.2235138007,0.2493756901858479,9090420.2,9076845.88454668,9103994.515453318,13574.315453318422,0.1493255004132639,625419.3,623946.1114938626,626892.4885061375,1473.188506137501,0.23555213376649886,96383.2,95496.8838084601,97269.5161915399,886.3161915398967,0.919575394404727,618261832.7,617554671.5902443,618968993.8097558,707161.1097558013,0.1143789042690167,2367332435.8,2359677268.2575817,2374987603.3424187,7655167.542418538,0.32336681687173363,65663.7,65488.53246179877,65838.86753820122,175.16753820122184,0.26676464804941213,0.0,0.0,0.0,0.0,,463510942.8,462524133.0813381,464497752.5186619,986809.7186618784,0.21289890432806377,366188.6,365643.19570640754,366734.0042935924,545.4042935924413,0.14894081727078376
MEM7,3LVBQ,10,147097.5,146948.37739417676,147246.62260582324,149.12260582323148,0.10137670988509763,147097.5,146948.37739417676,147246.62260582324,149.12260582323148,0.10137670988509763,0.0,0.0,0.0,0.0,,8723676.5,8712333.798040627,8735019.201959373,11342.701959373962,0.1300220378343232,207529.9,207359.8958999612,207699.90410003878,170.0041000387848,0.08191788269487182,147.8,147.2357188627991,148.36428113720092,0.5642811372008941,0.3817869669830136,147.8,147.2357188627991,148.36428113720092,0.5642811372008941,0.3817869669830136,628841609.3,627797591.9028964,629885626.6971035,1044017.3971035387,0.16602231494599967,2082552.9,2074425.7246997885,2090680.0753002113,8127.175300211332,0.39025060540893497,524014.2,522329.2016885412,525699.1983114588,1684.9983114587815,0.3215558493374381,80868.7,79339.62004250019,82397.7799574998,1529.0799574998075,1.8908180266281116,360768135.4,358194783.68758494,363341487.112415,2573351.712415054,0.7132979495436487,1274788615.7,1269194564.1904194,1280382667.2095807,5594051.509580644,0.4388218909931896,53317.3,51588.13196166436,55046.468038335646,1729.168038335643,3.2431650483719974,0.0,0.0,0.0,0.0,,236335701.8,235814523.94042227,236856879.65957776,521177.8595777597,0.22052438781289524,409774.1,405727.123098517,413821.07690148294,4046.976901482982,0.98761168689846
MEM7,4LVBQ,10,147119.3,147012.38608717947,147226.2139128205,106.91391282052034,0.07267157525934419,147119.3,147012.38608717947,147226.2139128205,106.91391282052034,0.07267157525934419,0.0,0.0,0.0,0.0,,3831106.9,3827038.58976246,3835175.21023754,4068.3102375400144,0.10619150923562103,256189.0,255976.5549231113,256401.4450768887,212.4450768886911,0.08292513608651858,98.8,98.49837904496786,99.10162095503213,0.3016209550321322,0.3052843674414294,98.8,98.49837904496786,99.10162095503213,0.3016209550321322,0.3052843674414294,397073075.4,396509145.8196108,397637004.9803892,563929.5803892299,0.14202161146815193,1810765.9,1807123.1382312318,1814408.661768768,3642.761768768068,0.20117243033834845,514152.9,512406.387747708,515899.41225229204,1746.5122522919946,0.3396873288650117,79450.4,78684.84977018146,80215.95022981853,765.5502298185323,0.9635574267952489,236555986.0,236001992.00012398,237109979.99987602,553993.9998760282,0.23419149489458624,796941593.0,794777792.111311,799105393.888689,2163800.888688988,0.2715131080740302,44380.4,43942.52765438874,44818.272345611265,437.87234561126405,0.9866345179657328,0.0,0.0,0.0,0.0,,145160757.3,144866061.40602824,145455453.19397178,294695.8939717742,0.2030134724102698,457051.6,452784.2990932074,461318.90090679255,4267.300906792571,0.9336584549299405
MEM7,5LVBQ,10,147133.9,147020.1912751427,147247.6087248573,113.7087248572935,0.07728247865195818,147133.9,147020.1912751427,147247.6087248573,113.7087248572935,0.07728247865195818,0.0,0.0,0.0,0.0,,2257934.9,2255819.60548969,2260050.19451031,2115.2945103101356,0.09368270583488193,274223.3,273985.05308197596,274461.546918024,238.24691802404496,0.0868806253969101,87.3,86.95444978559509,87.6455502144049,0.3455502144049043,0.3958192604867174,87.3,86.95444978559509,87.6455502144049,0.3455502144049043,0.3958192604867174,339693124.1,339134810.80121344,340251437.3987866,558313.2987866004,0.16435813950188824,1744080.3,1737670.8409636426,1750489.7590363575,6409.459036357501,0.3674979320824563,508530.7,505906.49897180207,511154.90102819796,2624.2010281979246,0.5160359105552378,79064.6,78363.42370165256,79765.77629834745,701.1762983474532,0.8868397466722822,215019097.7,214408783.4300544,215629411.96994558,610314.2699456033,0.2838418896153722,703704655.9,701092000.9663514,706317310.8336486,2612654.9336486277,0.3712715145116077,43911.6,43304.72561509597,44518.474384904024,606.8743849040271,1.3820366028658195,0.0,0.0,0.0,0.0,,122448606.7,122106516.88315247,122790696.51684754,342089.81684752903,0.2793742011990807,495369.4,488946.0163240376,501792.7836759624,6423.3836759624,1.296685599869996
MEM7,6LVBQ,10,147074.1,146939.9869760565,147208.2130239435,134.1130239434956,0.0911873837361545,147074.1,146939.9869760565,147208.2130239435,134.1130239434956,0.0911873837361545,0.0,0.0,0.0,0.0,,1543491.4,1541797.0596145545,1545185.7403854453,1694.3403854453463,0.10977323135362765,281704.2,281427.62620688364,281980.7737931164,276.5737931164016,0.09817879645259162,85.9,85.67378428372591,86.1262157162741,0.22621571627409914,0.26334774886391055,85.9,85.67378428372591,86.1262157162741,0.22621571627409914,0.26334774886391055,329403318.7,328767848.12143975,330038789.2785602,635470.5785602627,0.19291565764065957,1714131.7,1708951.1081593998,1719312.2918406,5180.5918406001565,0.30222834339976073,507312.0,502944.0049449069,511679.9950550931,4367.995055093052,0.8610076353591185,80108.4,78984.79938320257,81232.00061679742,1123.6006167974197,1.4026002476611938,213443548.5,212234446.47697127,214652650.52302873,1209102.023028745,0.5664739138408511,687441282.4,685558901.2884254,689323663.5115745,1882381.1115744712,0.2738242755806996,42282.5,41543.98275076731,43021.01724923269,738.5172492326873,1.7466262620060007,0.0,0.0,0.0,0.0,,116879530.1,116553744.89790915,117205315.30209084,325785.2020908477,0.27873589311328667,521464.3,519000.6899770117,523927.9100229883,2463.61002298828,0.47244078319230676
MEM7,1LVBQDK,10,100000.0,100000.0,100000.0,0.0,0.0,100000.0,100000.0,100000.0,0.0,0.0,47165.0,46999.165038304556,47330.834961695444,165.8349616954422,0.3516059826045631,42514364.2,41717611.18091579,43311117.21908422,796753.019084217,1.8740795824584318,0.0,0.0,0.0,0.0,,129.0,127.45465246190201,130.54534753809799,1.5453475380979864,1.1979438279829353,129.0,127.45465246190201,130.54534753809799,1.5453475380979864,1.1979438279829353,633119074.8,621642977.9830633,644595171.6169366,11476096.816936653,1.8126285044502743,7202221.2,7119263.177082387,7285179.222917614,82958.02291761327,1.1518394202834712,1206371.6,1203871.8886253212,1208871.311374679,2499.711374678785,0.20720907013052897,313519.7,309689.42218331026,317349.97781668976,3830.2778166897465,1.2217024374193222,318202327.5,312785770.7996908,323618884.2003092,5416556.700309206,1.7022366689977169,943185873.5,923559844.8538909,962811902.1461091,19626028.64610911,2.080823006103803,115877.4,113831.45047926847,117923.34952073151,2045.9495207315192,1.7656156599401773,0.0,0.0,0.0,0.0,,98810522.7,97280044.6280979,100341000.7719021,1530478.071902102,1.5489019085030122,251021.5,250552.53260772998,251490.46739227002,468.9673922700072,0.18682359569598908
MEM7,2LVBQDK,10,100000.0,100000.0,100000.0,0.0,0.0,100000.0,100000.0,100000.0,0.0,0.0,47085.9,46957.739729122324,47214.06027087768,128.1602708776758,0.27218396776460846,18816605.8,18771461.49593461,18861750.104065392,45144.3040653913,0.239917361001373,5546.9,5534.352559207537,5559.447440792463,12.547440792463085,0.2262063637791034,67.7,67.21717088807902,68.18282911192098,0.4828291119209722,0.7131892347429427,67.7,67.21717088807902,68.18282911192098,0.4828291119209722,0.7131892347429427,330104513.4,329233065.6794224,330975961.1205776,871447.7205776101,0.26399145882675173,3837855.9,3829011.9967317088,3846699.803268291,8843.90326829097,0.2304386485248435,756315.1,754988.5866742746,757641.6133257253,1326.5133257253374,0.1753916225823519,96366.9,93813.33413872261,98920.46586127738,2553.565861277383,2.6498370926919756,176488892.2,175475096.28976157,177502688.1102384,1013795.9102384154,0.5744247683812111,488919468.9,484793846.192663,493045091.60733694,4125622.7073369864,0.8438245907079662,53000.8,51763.44162733069,54238.15837266931,1237.3583726693078,2.3346031997051133,0.0,0.0,0.0,0.0,,58511021.7,58210474.939622656,58811568.46037735,300546.7603773506,0.5136583700731218,279451.2,278368.6217799563,280533.77822004375,1082.5782200437613,0.387394371555306
MEM7,3LVBQDK,10,100000.0,100000.0,100000.0,0.0,0.0,100000.0,100000.0,100000.0,0.0,0.0,47162.4,47023.45157043714,47301.348429562866,138.94842956286237,0.2946169608901633,6644038.8,6637205.467070804,6650872.132929196,6833.332929195389,0.10284908223587419,149911.9,149861.0191173112,149962.7808826888,50.880882688794834,0.033940522859622776,58.9,58.6737842837259,59.126215716274096,0.22621571627409912,0.3840674300069595,58.9,58.6737842837259,59.126215716274096,0.22621571627409912,0.3840674300069595,227539034.2,227339632.11200216,227738436.2879978,199402.08799782465,0.08763423326415115,2528101.8,2525134.2451162525,2531069.354883747,2967.5548837472693,0.11738272896080647,733028.1,732082.2822911746,733973.9177088253,945.8177088253592,0.12902884743782117,99170.4,97128.77511675416,101212.02488324583,2041.6248832458334,2.0587038907232738,153954857.5,153073723.69372147,154835991.30627853,881133.8062785197,0.572332578904514,380419715.7,378633345.0166867,382206086.3833133,1786370.6833132822,0.4695788913112008,60695.4,59556.87217370742,61833.92782629258,1138.52782629258,1.875805788070562,0.0,0.0,0.0,0.0,,45636862.6,45473156.7008335,45800568.4991665,163705.8991664997,0.35871418375394565,373321.9,367657.30730019003,378986.49269981,5664.592699810007,1.5173480848056344
MEM7,4LVBQDK,10,100000.0,100000.0,100000.0,0.0,0.0,100000.0,100000.0,100000.0,0.0,0.0,47055.7,46945.412755607285,47165.98724439271,110.28724439271042,0.2343759510382598,2522128.1,2520069.15591827,2524187.0440817303,2058.9440817299887,0.0816351906047115,179610.1,179538.85944656833,179681.34055343168,71.24055343168007,0.03966400187499482,53.6,53.23059128222017,53.969408717779835,0.36940871777983697,0.6891953689922331,53.6,53.23059128222017,53.969408717779835,0.36940871777983697,0.6891953689922331,185305673.0,185182572.6369337,185428773.3630663,123100.36306630012,0.06643097379231348,2510725.2,2506019.501764566,2515430.898235434,4705.698235433793,0.18742386603813882,745025.4,743886.0465447127,746164.7534552873,1139.3534552873148,0.15292813577729225,97597.7,96367.47227420568,98827.92772579432,1230.227725794326,1.2605089318645073,133530882.0,133387672.36604597,133674091.63395403,143209.6339540364,0.10724832473886932,326769483.2,326411819.8811084,327127146.5188916,357663.3188915781,0.10945432094485687,57506.4,56380.73099709424,58632.069002905766,1125.669002905762,1.9574673478182636,0.0,0.0,0.0,0.0,,41982776.8,41912439.274335414,42053114.32566458,70337.5256645803,0.16753900295747065,408548.1,403789.32193905866,413306.8780609413,4758.778060941291,1.1648023968147916
MEM7,5LVBQDK,10,100000.0,100000.0,100000.0,0.0,0.0,100000.0,100000.0,100000.0,0.0,0.0,47168.5,47016.53038002825,47320.46961997175,151.96961997175194,0.3221845510706339,1297601.9,1295555.1714650658,1299648.628534934,2046.7285349340575,0.15773162284473055,189526.7,189472.0438922549,189581.35610774512,54.656107745101416,0.028838209996323166,54.9,54.6737842837259,55.126215716274096,0.22621571627409912,0.41205048501657393,55.0,55.0,55.0,0.0,0.0,182756085.6,182015701.52448112,183496469.67551887,740384.0755188697,0.4051214344453379,2629990.5,2625328.183498795,2634652.816501205,4662.316501204947,0.17727503202787032,749238.3,747753.8162693409,750722.7837306592,1484.4837306591044,0.19813238734046357,99004.9,97870.87171955306,100138.92828044693,1134.0282804469334,1.1454264187398133,136728744.7,135419331.15457067,138038158.2454293,1309413.545429331,0.9576724691668519,337178371.4,334806724.30337095,339550018.496629,2371647.0966290156,0.7033805539725718,58481.2,57254.12719716698,59708.27280283302,1227.072802833021,2.098234651192214,0.0,0.0,0.0,0.0,,42668736.4,42460689.57417074,42876783.22582926,208046.82582925848,0.4875860955405712,427100.1,418459.4690754797,435740.73092452023,8640.630924520266,2.0230926952534705
MEM7,6LVBQDK,10,100000.0,100000.0,100000.0,0.0,0.0,100000.0,100000.0,100000.0,0.0,0.0,47192.0,47084.201624317815,47299.798375682185,107.79837568218642,0.22842510527671303,811584.3,810104.6545640992,813063.9454359009,1479.645435900935,0.1823156800717972,193517.8,193463.13375013683,193572.46624986315,54.666249863150526,0.028248693331130538,57.3,56.954449785595095,57.6455502144049,0.3455502144049043,0.6030544754012291,57.3,56.954449785595095,57.6455502144049,0.3455502144049043,0.6030544754012291,192459754.4,192200906.5880867,192718602.21191332,258847.8119133222,0.1344945143052319,2690761.4,2682541.000894265,2698981.799105735,8220.399105734954,0.3055045722647483,745441.9,742415.2017122909,748468.5982877092,3026.698287709158,0.4060273896207281,98897.2,97622.23521855145,100172.16478144855,1274.9647814485506,1.2891818792125063,147831460.4,146658453.0317792,149004467.7682208,1173007.3682207991,0.7934761417136073,367479482.6,365177346.2598079,369781618.94019216,2302136.340192129,0.626466632614152,61818.2,59649.92491497958,63986.475085020415,2168.2750850204184,3.5075027823851532,0.0,0.0,0.0,0.0,,44979029.7,44771345.15815686,45186714.24184315,207684.54184314396,0.46173637632548564,457813.9,452040.27059301763,463587.5294069824,5773.629406982413,1.2611302118573535
MEM7,BINH,10,147081.9,146904.26905525784,147259.53094474215,177.63094474215768,0.12077009118195896,147081.9,146904.26905525784,147259.53094474215,177.63094474215768,0.12077009118195896,0.0,0.0,0.0,0.0,,0.0,0.0,0.0,0.0,,0.0,0.0,0.0,0.0,,78.8,78.49837904496786,79.10162095503213,0.3016209550321322,0.38276770943163985,78.8,78.49837904496786,79.10162095503213,0.3016209550321322,0.38276770943163985,257875056.6,257373764.07605612,258376349.12394387,501292.5239438584,0.19439356816950026,2770741.9,2690884.6810255363,2850599.1189744635,79857.21897446344,2.882160152645883,740557.6,723941.3365003937,757173.8634996063,16616.263499606248,2.2437503172752864,81016.3,79024.76387382572,83007.83612617428,1991.5361261742762,2.4581919023385126,196254391.6,195796318.1059554,196712465.0940446,458073.49404459214,0.23340802226643886,528303558.6,526857229.2809548,529749887.91904527,1446329.3190452582,0.2737686119090355,45496.6,45016.85954463962,45976.340455360376,479.74045536037625,1.0544534214872678,0.0,0.0,0.0,0.0,,83649735.5,83391965.26683916,83907505.73316084,257770.23316083566,0.30815427164241976,1207327.5,1204128.7490456463,1210526.2509543537,3198.7509543537794,0.26494476058515853
MEM7,FIBH,10,100000.0,100000.0,100000.0,0.0,0.0,100000.0,100000.0,100000.0,0.0,0.0,47019.1,46885.02344217868,47153.176557821316,134.07655782131832,0.285153390476037,0.0,0.0,0.0,0.0,,0.0,0.0,0.0,0.0,,101.3,100.95444978559509,101.6455502144049,0.3455502144049043,0.34111571017265974,101.3,100.95444978559509,101.6455502144049,0.3455502144049043,0.34111571017265974,262772761.6,262619515.2581097,262926007.9418903,153246.3418902986,0.05831896006161188,5252041.5,5123371.382799476,5380711.617200524,128670.11720052322,2.4499067115239517,1442869.9,1397342.0116822452,1488397.7883177546,45527.888317754754,3.1553703017683543,197361.5,193359.4947354034,201363.5052645966,4002.0052645966,2.027753773961284,254604028.8,252756190.27776095,256451867.32223907,1847838.5222390685,0.7257695531953297,394367745.0,392740831.43243134,395994658.56756866,1626913.5675686665,0.4125371783558685,177774.2,175469.61881709838,180078.78118290164,2304.581182901621,1.2963530044863771,0.0,0.0,0.0,0.0,,53103988.8,52979279.66538641,53228697.934613585,124709.13461358969,0.2348394865087605,1685150.6,1677741.9908840351,1692559.209115965,7408.609115965027,0.43964077251997696
MEM8,1LVBQ,10,147059.1,146961.15707032767,147157.04292967235,97.9429296723384,0.06660106696718421,147059.1,146961.15707032767,147157.04292967235,97.9429296723384,0.06660106696718421,0.0,0.0,0.0,0.0,,451019148.0,437467747.5237158,464570548.4762842,13551400.476284217,3.0046175503582426,0.0,0.0,0.0,0.0,,1386.4,1346.507564140555,1426.2924358594453,39.8924358594451,2.877411703652993,1386.5,1346.6246003563317,1426.3753996436683,39.875399643668224,2.8759754521217618,8134974550.6,7893616090.347078,8376333010.852922,241358460.252922,2.9669233597678613,154199465.4,149660501.33620906,158738429.46379095,4538964.063790951,2.9435666667304483,1787706.7,1778967.1439357689,1796446.256064231,8739.556064230994,0.48886968227120225,792563.0,783873.4303022983,801252.5696977017,8689.569697701767,1.0963885139353928,3338312120.3,3242912735.949855,3433711504.6501455,95399384.35014546,2.857713147013117,13794167798.6,13391566916.708057,14196768680.491943,402600881.8919426,2.918631176378784,228674.3,228054.12887692745,229294.47112307252,620.1711230725454,0.2712028081304044,0.0,0.0,0.0,0.0,,1654366816.6,1606160458.1920319,1702573175.007968,48206358.407968014,2.9138857189507785,354685.9,350416.74434105726,358955.0556589428,4269.155658942759,1.203644029532259
MEM8,2LVBQ,10,147044.4,146918.99621367862,147169.80378632137,125.40378632137255,0.0852829392492149,147044.4,146918.99621367862,147169.80378632137,125.40378632137255,0.0852829392492149,0.0,0.0,0.0,0.0,,171062564.3,170778548.33639133,171346580.2636087,284015.9636086685,0.16603046070943792,12735.9,12722.729098378202,12749.070901621797,13.170901621796682,0.10341555462744434,1841.9,1837.5623959774543,1846.2376040225458,4.337604022545638,0.2354961736546847,1842.1,1837.9226586626555,1846.2773413373443,4.177341337344444,0.22677060622900191,8939525471.1,8924367743.437462,8954683198.762539,15157727.662537629,0.16955852647369307,60277210.6,60157256.44859839,60397164.75140161,119954.15140161094,0.19900415133279398,830390.5,826586.3909269834,834194.6090730166,3804.109073016511,0.45811086145813457,133122.3,131598.7432042243,134645.85679577567,1523.5567957756818,1.1444790210022528,4349242014.8,4337794088.223687,4360689941.376313,11447926.576313425,0.2632165912441149,18054351302.5,18026128246.509327,18082574358.490673,28223055.990672536,0.15632273637416408,77289.7,75906.78913471711,78672.61086528288,1382.9108652828854,1.7892563501771719,0.0,0.0,0.0,0.0,,3546664291.1,3541007305.212851,3552321276.987149,5656985.887149078,0.1595015886151029,451080.0,450082.10392463463,452077.89607536537,997.896075365349,0.22122374642310655
MEM8,3LVBQ,10,147079.1,146952.34226850636,147205.85773149366,126.75773149365395,0.08618337445201524,147079.1,146952.34226850636,147205.85773149366,126.75773149365395,0.08618337445201524,0.0,0.0,0.0,0.0,,29617675.6,29577406.086468115,29657945.113531888,40269.51353188577,0.135964462828696,262190.6,261923.6579569798,262457.54204302013,266.9420430201814,0.10181220952245483,383.5,382.89206352956074,384.10793647043926,0.607936470439254,0.15852319959302583,383.6,382.9967580899358,384.20324191006426,0.6032419100642644,0.15725805788953712,1772287274.0,1769555140.6301599,1775019407.3698401,2732133.3698400916,0.15415860678578067,2540505.8,2533848.765873135,2547162.8341268646,6657.034126864585,0.2620357775551855,547066.6,545533.267177945,548599.932822055,1533.3328220549897,0.2802826606586821,84370.6,82696.98595946458,86044.21404053543,1673.614040535425,1.9836460100265079,923317904.9,921514468.9191092,925121340.8808907,1803435.980890777,0.19532123998896117,3538915143.9,3531393585.378308,3546436702.4216924,7521558.521692504,0.21253853838957837,58868.3,57548.72008284965,60187.879917150356,1319.5799171503559,2.241579792775324,0.0,0.0,0.0,0.0,,665906235.5,664683616.1187675,667128854.8812325,1222619.3812325504,0.18360233258884243,470554.3,465740.01210609317,475368.5878939068,4814.287893906823,1.023109956471936
MEM8,4LVBQ,10,147088.3,146967.27656503062,147209.32343496935,121.02343496935575,0.0822794436874692,147088.3,146967.27656503062,147209.32343496935,121.02343496935575,0.0822794436874692,0.0,0.0,0.0,0.0,,8374415.2,8362354.191028212,8386476.208971788,12061.008971787958,0.14402210403644614,286129.0,285858.52717912383,286399.47282087617,270.47282087618225,0.09452827950895654,152.7,152.217170888079,153.18282911192097,0.4828291119209722,0.31619457231235903,152.7,152.217170888079,153.18282911192097,0.4828291119209722,0.31619457231235903,651032814.8,649632415.9057773,652433213.6942226,1400398.8942226614,0.2151041948097301,1976421.2,1971540.3965393284,1981302.0034606715,4880.803460671515,0.2469515840384385,519789.9,518404.2732488839,521175.52675111615,1385.6267511161082,0.26657438921304705,80942.4,76984.07272241586,84900.72727758413,3958.3272775841365,4.890301347111201,365063904.8,363837989.7272118,366289819.87278825,1225915.0727882306,0.33580834935183396,1302937357.3,1297937129.224171,1307937585.375829,5000228.075829051,0.38376580791195736,48857.2,48435.44928472955,49278.95071527045,421.75071527044946,0.8632314485284657,0.0,0.0,0.0,0.0,,239526374.0,238869923.25626004,240182824.74373996,656450.7437399649,0.2740619885724838,476240.1,470845.13472203416,481635.0652779658,5394.965277965822,1.1328246567153464
MEM8,5LVBQ,10,147171.7,147035.79471765086,147307.60528234916,135.90528234916215,0.09234471189037169,147171.7,147035.79471765086,147307.60528234916,135.90528234916215,0.09234471189037169,0.0,0.0,0.0,0.0,,3899701.2,3895541.31020843,3903861.0897915703,4159.889791569968,0.10667201352683041,290960.2,290715.5152170735,291204.8847829265,244.68478292650062,0.08409561958181931,109.2,108.74756856745181,109.6524314325482,0.4524314325481983,0.41431449867051123,109.2,108.74756856745181,109.6524314325482,0.4524314325481983,0.41431449867051123,438807293.3,437568484.4342398,440046102.1657602,1238808.8657602125,0.28231273378432076,1840299.2,1834547.0461251363,1846051.3538748636,5752.153874863564,0.31256623242913784,515751.6,514397.4732262606,517105.7267737393,1354.1267737393582,0.26255406163342165,79984.6,79367.63028145905,80601.56971854097,616.9697185409617,0.7713606350984585,262641514.9,260134229.88780245,265148799.91219756,2507285.0121975406,0.9546415436844332,888515748.6,885283984.4277577,891747512.7722423,3231764.172242276,0.36372615537028374,45562.9,45185.67833863592,45940.121661364086,377.22166136408845,0.8279140734327456,0.0,0.0,0.0,0.0,,158162903.8,157833612.76068628,158492194.83931375,329291.03931374144,0.20819739104571333,528055.3,522584.3825183539,533526.2174816462,5470.917481646156,1.0360501033975336
MEM8,6LVBQ,10,147120.4,146940.83854500437,147299.96145499562,179.561454995612,0.12205068433447162,147120.4,146940.83854500437,147299.96145499562,179.561454995612,0.12205068433447162,0.0,0.0,0.0,0.0,,2239799.6,2237133.328288751,2242465.871711249,2666.271711248804,0.11904063699488134,292339.9,291995.1450631047,292684.65493689536,344.7549368953557,0.11792948444442775,97.3,96.95444978559509,97.6455502144049,0.3455502144049043,0.35513896650041554,97.3,96.95444978559509,97.6455502144049,0.3455502144049043,0.35513896650041554,381694563.9,381140600.0799196,382248527.7200804,553963.8200803883,0.14513275075762438,1765788.4,1759922.8981689906,1771653.9018310092,5865.50183100932,0.3321746722885551,509845.0,508044.47842058504,511645.52157941496,1800.5215794149526,0.3531507770822412,80709.8,79324.65277302133,82094.94722697868,1385.1472269786761,1.7162069872291543,236424429.0,235702020.45970857,237146837.54029143,722408.5402914353,0.3055557935983998,782030382.8,778011201.0805153,786049564.5194846,4019181.7194846724,0.5139418886890685,43825.1,43009.483219961934,44640.71678003806,815.616780038061,1.8610722623292613,0.0,0.0,0.0,0.0,,135626679.3,135170843.71010196,136082514.88989806,455835.58989804424,0.33609581260170557,543569.6,537971.1928422713,549168.0071577287,5598.407157728735,1.029933822224189
MEM8,1LVBQDK,10,100000.0,100000.0,100000.0,0.0,0.0,100000.0,100000.0,100000.0,0.0,0.0,47147.6,47040.794022380236,47254.40597761976,106.80597761976323,0.22653534351645305,443807564.7,428102415.9043503,459512713.4956497,15705148.79564973,3.5387294054498413,0.0,0.0,0.0,0.0,,899.0,867.8822029944895,930.1177970055105,31.11779700551055,3.461378977253676,899.0,867.8822029944895,930.1177970055105,31.11779700551055,3.461378977253676,5984500217.9,5775251237.831674,6193749197.968326,209248980.06832582,3.4965155393001663,52313779.1,50567345.25419664,54060212.94580337,1746433.8458033646,3.3383821162393614,1843575.6,1817677.6226376628,1869473.5773623374,25897.97736233721,1.4047689371858256,826975.2,801762.3149582539,852188.085041746,25212.88504174607,3.048807877400202,2248020314.1,2170519954.0654583,2325520674.1345415,77500360.03454171,3.4474937592176147,8425076294.5,8135344168.612149,8714808420.387852,289732125.88785076,3.4389258418584494,155695.0,154441.32451015443,156948.67548984557,1253.675489845561,0.805212428045577,0.0,0.0,0.0,0.0,,812108858.4,784305013.8278549,839912702.9721451,27803844.57214505,3.4236598067559076,250396.5,250025.5621320856,250767.4378679144,370.93786791442,0.1481401968136216
MEM8,2LVBQDK,10,100000.0,100000.0,100000.0,0.0,0.0,100000.0,100000.0,100000.0,0.0,0.0,47085.9,47002.81967960711,47168.98032039289,83.08032039288885,0.17644415927674495,151202889.0,150890960.5130251,151514817.4869749,311928.4869748885,0.20629796761018798,11728.4,11700.473173287846,11756.326826712153,27.92682671215334,0.2381128432876892,304.7,303.5790205367151,305.82097946328486,1.1209794632848853,0.36789611528877103,304.8,303.6917738466605,305.9082261533395,1.108226153339511,0.36359125765731987,2096315060.4,2091552051.2211645,2101078069.5788357,4763009.178835575,0.22720865144797175,19244829.6,19201307.83046394,19288351.369536065,43521.76953606462,0.22614785602500018,812258.9,809593.0400674134,814924.7599325867,2665.859932586661,0.32820322837788063,105409.6,103906.52476351365,106912.67523648636,1503.0752364863638,1.425937710119727,777185796.1,775367606.7932109,779003985.4067892,1818189.3067892005,0.23394525683730522,2686502504.6,2682406975.0403843,2690598034.1596155,4095529.559615825,0.15244838047249906,58168.5,57821.99586163545,58515.00413836455,346.50413836454936,0.5956903450571175,0.0,0.0,0.0,0.0,,293846891.2,293364775.3867489,294329007.01325107,482115.81325109355,0.1640704147939931,302028.1,301339.1025271888,302717.0974728112,688.9974728112128,0.22812363247367143
MEM8,3LVBQDK,10,100000.0,100000.0,100000.0,0.0,0.0,100000.0,100000.0,100000.0,0.0,0.0,47067.9,46954.69895424061,47181.101045759395,113.20104575939305,0.24050583467584713,20576104.2,20550576.985249855,20601631.414750144,25527.214750145933,0.12406242941822745,184906.4,184814.7138030599,184998.0861969401,91.6861969401109,0.049585193881937516,93.6,93.23059128222016,93.96940871777983,0.36940871777983697,0.39466743352546685,93.6,93.23059128222016,93.96940871777983,0.36940871777983697,0.39466743352546685,457333456.1,456715555.9237632,457951356.27623683,617900.1762367816,0.13510933171302303,2630488.4,2626169.4105883953,2634807.3894116045,4318.989411604363,0.16418963914094292,735454.0,734647.0187151849,736260.9812848151,806.9812848151204,0.10972559600126186,100557.9,99366.7867401699,101749.01325983008,1191.1132598300908,1.1845049069541935,242180937.5,241065337.60667276,243296537.39332724,1115599.8933272352,0.4606472767193889,670481670.0,668046846.4843696,672916493.5156304,2434823.515630319,0.3631454258295113,59768.4,58167.33197411609,61369.468025883914,1601.0680258839097,2.6787868269585764,0.0,0.0,0.0,0.0,,71495172.6,71312195.29061334,71678149.90938665,182977.30938665618,0.2559296001848609,388667.3,385677.2343776421,391657.3656223579,2990.0656223578867,0.7693123713669472
MEM8,4LVBQDK,10,100000.0,100000.0,100000.0,0.0,0.0,100000.0,100000.0,100000.0,0.0,0.0,47030.9,46940.61347510481,47121.186524895194,90.28652489519338,0.19197277724898604,4963678.8,4957568.2168726865,4969789.383127313,6110.583127313394,0.12310593359331377,196247.3,196200.04545542935,196294.55454457062,47.25454457063705,0.024079080104866184,61.0,61.0,61.0,0.0,0.0,61.0,61.0,61.0,0.0,0.0,236967724.7,236660584.29463577,237274865.1053642,307140.4053642113,0.12961275876411,2480003.2,2470264.623136806,2489741.7768631945,9738.576863194527,0.3926840442461738,741089.7,740136.0999346809,742043.300065319,953.60006531913,0.12867539048500204,99479.2,97762.00771107183,101196.39228892817,1717.1922889281718,1.7261822460656817,155858810.3,155662009.33954278,156055611.26045725,196800.9604572252,0.12626874289520046,405483678.1,404374750.2889864,406592605.91101366,1108927.8110136464,0.27348272468322726,58382.1,56281.42157702548,60482.778422974516,2100.678422974518,3.598154953272524,0.0,0.0,0.0,0.0,,48166354.5,47954905.764886156,48377803.235113844,211448.73511384215,0.43899675885548317,409585.1,405931.9808890526,413238.21911094734,3653.1191109473302,0.8919072278135437
MEM8,5LVBQDK,10,90000.1,67378.75458830636,112621.44541169365,22621.34541169364,25.134800307659255,90000.1,67378.75458830636,112621.44541169365,22621.34541169364,25.134800307659255,42356.4,31709.79595155806,53003.004048441944,10646.604048441943,25.135762360450702,1867973.3,1398453.5025851445,2337493.097414856,469519.79741485557,25.135252062481594,178593.3,133703.96894416085,223482.63105583913,44889.33105583914,25.13494686297814,52.3,39.15243114003301,65.44756885996699,13.147568859966988,25.13875499037665,52.3,39.15243114003301,65.44756885996699,13.147568859966988,25.13875499037665,183111336.9,137085791.94480914,229136881.85519087,46025544.95519088,25.135278751378543,2294659.2,1717868.6023800732,2871449.797619927,576790.597619927,25.136220560331008,666803.9,499200.722031541,834407.0779684591,167603.17796845903,25.135302593230037,89235.2,66770.58392985661,111699.81607014338,22464.61607014338,25.174612787491235,136553246.1,102208539.89532271,170897952.30467728,34344706.20467728,25.151145934331094,338364793.3,253295351.43401963,423434235.1659804,85069441.86598037,25.141339628250375,55722.8,41460.62590869417,69984.97409130583,14262.174091305833,25.59486259000953,0.0,0.0,0.0,0.0,,40896685.4,30615209.226857394,51178161.5731426,10281476.173142606,25.14012094765657,420594.4,314785.8856340911,526402.914365909,105808.51436590895,25.156900416626787
MEM8,6LVBQDK,10,100000.0,100000.0,100000.0,0.0,0.0,100000.0,100000.0,100000.0,0.0,0.0,47122.1,47048.28181438584,47195.91818561416,73.81818561416041,0.15665300488339953,1191454.8,1190205.756032255,1192703.843967745,1249.0439677449926,0.10483351678510948,199084.5,199068.53882863978,199100.46117136022,15.961171360233815,0.008017284801294834,59.5,58.99416628083231,60.00583371916769,0.5058337191676912,0.8501407044835145,59.5,58.99416628083231,60.00583371916769,0.5058337191676912,0.8501407044835145,204943887.0,204680695.13738453,205207078.86261547,263191.86261545744,0.1284214262099252,2629174.4,2620219.4397292687,2638129.360270731,8954.960270731455,0.3405997057757544,744299.7,741992.0201681908,746607.3798318091,2307.6798318091724,0.3100471264208722,99787.8,98044.63425109496,101530.96574890504,1743.1657489050378,1.7468726125889515,155125464.4,154724807.3301472,155526121.4698528,400657.0698528008,0.25827936851146716,389647988.8,386991300.0435005,392304677.55649954,2656688.756499535,0.6818176489711513,60270.3,59316.49382935427,61224.10617064573,953.8061706457305,1.5825475742542023,0.0,0.0,0.0,0.0,,46788296.8,46615306.354547165,46961287.24545283,172990.44545283244,0.3697301617801836,473887.6,464453.32515532954,483321.8748446704,9434.274844670428,1.9908254287874232
MEM8,BINH,10,147058.4,146888.08021237724,147228.71978762274,170.31978762273846,0.11581778913869487,147058.4,146888.08021237724,147228.71978762274,170.31978762273846,0.11581778913869487,0.0,0.0,0.0,0.0,,0.0,0.0,0.0,0.0,,0.0,0.0,0.0,0.0,,78.9,78.67378428372591,79.1262157162741,0.22621571627409914,0.28671193444119025,78.9,78.67378428372591,79.1262157162741,0.22621571627409914,0.28671193444119025,257891340.3,257396553.25062242,258386127.3493776,494787.0493775889,0.1918587296502522,2712940.6,2708404.7019061362,2717476.498093864,4535.898093863862,0.16719489154550093,724082.6,722268.518913707,725896.681086293,1814.081086292974,0.2505351028035992,78696.1,77779.2011663253,79612.9988336747,916.8988336746929,1.1651134346869703,195759621.2,195490662.7668043,196028579.63319567,268958.433195677,0.13739219127365015,526185476.2,524172277.1327022,528198675.2672978,2013199.0672978205,0.38260255334995513,49610.7,48791.010921880305,50430.38907811969,819.6890781196953,1.6522425164726469,0.0,0.0,0.0,0.0,,83581399.4,83258707.2473829,83904091.55261712,322692.1526171092,0.38608129910912825,1202691.6,1200158.4658046719,1205224.7341953283,2533.1341953281503,0.2106220909273957
MEM8,FIBH,10,100000.0,100000.0,100000.0,0.0,0.0,100000.0,100000.0,100000.0,0.0,0.0,47072.1,46994.66395956364,47149.53604043636,77.43604043635838,0.16450517490479155,0.0,0.0,0.0,0.0,,0.0,0.0,0.0,0.0,,101.3,100.95444978559509,101.6455502144049,0.3455502144049043,0.34111571017265974,101.3,100.95444978559509,101.6455502144049,0.3455502144049043,0.34111571017265974,262796955.1,262631954.63971928,262961955.5602807,165000.46028072774,0.0627862907383921,5295659.3,5176446.739198197,5414871.860801803,119212.5608018028,2.251137281467537,1456756.6,1409007.403774415,1504505.7962255853,47749.19622558521,3.2777744906448483,198027.1,194782.4894990839,201271.71050091612,3244.610500916113,1.6384679172275474,254876103.5,253279000.76806098,256473206.23193902,1597102.73193903,0.6266192514744836,394312206.2,393030615.4639604,395593796.93603957,1281590.7360395964,0.325019290777308,176128.5,169628.42478110036,182628.57521889964,6500.0752188996485,3.690530049878156,0.0,0.0,0.0,0.0,,53078235.4,52978834.909491256,53177635.89050874,99400.49050873975,0.18727165618761274,1677829.3,1672487.8246523482,1683170.775347652,5341.475347651941,0.31835630404427556
